,SRX1462169,SRX1462104,SRX1462103,SRX1462105,SRX1462171,SRX1462102,ERX1045682,ERX1045674,ERX1045681,ERX1045662,ERX1045684,ERX1045660,ERX1045664,ERX1045670,ERX1045667,ERX1045675,ERX1045673,ERX1045677,ERX1045679,ERX1045659,ERX1045663,ERX1045668,ERX1045689,ERX1045685,ERX1045683,ERX1045680,ERX1045666,ERX1045658,SRX1816875,SRX1816859,SRX1816857,SRX1816863,SRX1816867,SRX1816858,SRX1816879,SRX1816878,SRX1816868,SRX1816866,SRX1816870,SRX1816880,SRX1816864,SRX1816874,SRX1816877,SRX1816861,SRX1816872,SRX1816862,SRX1816871,SRX1816876,SRX1816869,SRX8370456,SRX8370458,SRX8370457,ERX321085,ERX321083,ERX321086,ERX321081,SRX974437,SRX976478,SRX976341,SRX976476,SRX976336,SRX976480,SRX976335,SRX976343,SRX976468,SRX976471,SRX976474,SRX976469,SRX976470,SRX976482,SRX976344,SRX976475,SRX976473,SRX3456073,SRX3456063,SRX3456076,SRX3456082,SRX3456094,SRX3456067,SRX3456061,SRX3456065,SRX3456064,SRX3456085,SRX3456079,SRX3456084,SRX3456074,SRX3456080,SRX3456070,SRX3456069,SRX3456089,SRX3456062,SRX3456087,SRX3456066,SRX3456092,SRX3456075,SRX3456098,SRX3456096,SRX3456068,SRX3456060,SRX3456072,SRX3456093,SRX3456097,SRX3456077,SRX3456071,SRX3456078,SRX4029144,SRX4029145,SRX4029142,SRX4029141,SRX4029146,SRX4029143,ERX2173642,ERX2173639,ERX2173641,ERX2173640,SRX3139264,SRX3139266,SRX3139265,SRX3139267,SRX2949967,SRX2949969,SRX2949968,SRX2949970,SRX7514165,SRX7514167,SRX7514159,SRX7514156,SRX7514162,SRX7514172,SRX7514171,SRX7514155,SRX7514161,SRX7514173,SRX7514166,SRX7514160,SRX7514164,SRX7514175,SRX7514168,SRX7514158,SRX7514163,SRX7514169,SRX7514152,SRX7514157,SRX7514170,SRX7514174,SRX7514154,SRX7476251,SRX7476248,SRX7476249,SRX7476252,SRX7476246,SRX7476255,SRX7476247,SRX7476254,SRX7476244,SRX7476250,SRX7476245,SRX7476253
0,-4.001760042552667,-2.928723624408684,0.5154379367934745,-3.4689711635492566,-2.287698543564934,-0.5154379367934965,3.6969444837018135,-3.3397243913194106,-0.22451503673775888,5.060979379194907,1.4695556736343622,1.843783692857571,-0.2711309981312976,5.102488102922097,0.3424135344201818,4.912998950614326,4.85852306197436,0.573806643510064,1.4996727631823938,-0.5987185304938195,-0.8073685342417467,-5.063148704810127,-0.1633787082674631,1.1829042279540396,3.8928618459821616,8.364258434950646,2.5312300770685234,-0.43767210265484047,-2.382301452116525,-0.1711259795726873,1.2927279867185266,-0.6439570435717755,-6.292046105623909,-1.1216020071458486,-4.350005474042441,-4.544974286380016,-3.931026992639347,0.48682438415415175,-3.195508762607665,-4.4616653542323625,0.3654370188203925,-2.9269371597950085,-1.4361683246687615,-4.881100357900906,-5.688454245259877,-4.22857785055139,-3.779698616341579,0.4002683575427777,-3.912304977583313,-1.8373412272569323,3.8753743344642926,-2.038033107207361,-0.13861468657924383,1.0793104608135942,-1.0793104608135937,2.6392929735997392,-5.340184247820442e-35,-4.722358712090281,-0.5834533522220037,-6.178840546101903,-5.16996764267768,-12.392107977992145,0.25568833266492996,-7.925276607927531,-1.9402337045157367,-15.012974784849085,-7.092850818060703,6.395554386366466,-4.667660931149579,-24.70860197732141,-21.459147844027953,-22.64820840951649,-0.32130704537326094,-1.6547714075572029,-0.28659444400254175,-2.206632449818564,27.188474553432126,19.10764659070054,-2.199710024118829,-1.779837747119421,1.5591031463312766,4.016323742468079,29.643388296269492,3.4715055923472202,20.874029582983137,3.106863989920642,30.742913591296436,1.03202122216286,4.284431323376058,20.559699421331135,-5.434749320501623,25.101267172772516,0.01827413553271218,21.05099199727478,0.3040283013740022,17.992648769119658,19.116336924464232,0.8456815491532887,-1.5591031463312781,-5.9548208091119195,20.269001580644005,21.200394160136515,-5.21836700715457,-1.000035733269806,-0.36731177696303,1.8909932763493593,1.536120092531234,0.05741101480784959,-0.48095339807661613,2.777018393752806,0.4235423832687649,-3.8584477426450103,1.0323888145353062,-3.1850354342060454,-1.0323888145353068,-0.6424378750488134,-3.132824444939322,0.6424378750488138,-3.9871509184432874,0.24276795507319632,-1.1906541576370235,-0.2427679550731961,-1.255499117339001,6.7104124867848105,6.33954698576485,3.910224502380356,-0.05337903975376027,6.6437313107400096,0.08284228941769267,-0.05599868938577099,2.43038279295059,3.9198795699073092,0.3819701453465183,6.264598367317314,5.608387932367938,1.066440615627093,1.317053114902519,6.027803377555938,-0.43123561758095413,7.182204494801855,0.7659133927176199,0.9910745563780265,0.48461465733471415,0.6330956324995698,1.7339030126369581,3.255251970674239,-1.545515969523786,19.78365319300239,27.93901588756013,-7.022793468545124,-48.64621387223926,-41.506081613666865,-51.79745640296279,-41.6278277614546,29.632650526267334,1.5455159695237881,29.226401760274012,-7.36271316539945
1,-14.951793070883776,-4.083070194622353,0.6053996659880739,-2.423686011328388,-16.48412203307579,-0.6053996659881016,2.5046689038630645,-5.273712467944107,0.18105489756503246,-1.683903522062968,0.4348386352889981,4.288994949045605,0.6150823946074776,8.0662392438531,-1.169081932376534,1.9959859852266075,-1.0514719842712725,1.3997908935603987,3.1520078820167408,-2.5613590243503417,-1.7879778423489077,-4.890841358512838,4.1475560125739,-1.5214157983644123,0.5213666146653158,0.7032170280494958,3.6637398150970144,1.1720843094948652,1.530456791797722,1.1539749239121915,-1.0103691358904625,0.003705226261168948,-6.542223304235548,-0.1436057880217266,-8.965027452876114,-8.02830584572519,-5.655982528959458,-4.337277909189697,0.7654146844483499,-8.310957833149573,2.840903355270685,-8.373294687492505,-0.26876588425358816,-10.241329159823506,-10.569303234870437,-7.800972749794656,-7.234711128522264,0.48746466709014413,-2.070775587554641,0.933419448651333,0.2928802151771992,-1.2262996638285313,1.4174594200697666,0.9805230299628608,-0.9805230299628609,1.3429301613978142,-2.154061872968202e-34,2.278760376466878,7.49709076197538,0.9391399383702964,-5.430762304789556,-9.661031342469407,-3.0499108497878633,-4.477045817299813,-2.6552959113015415,-5.818912048862905,-6.637210484636178,-2.089696085221216,-5.947248025919812,-11.636625018920837,-10.989525212471372,-13.198278460834162,5.921265948399417,10.105973174639178,8.505427521567725,62.18080158486977,33.91332840864032,-2.0659611885849927,56.577501567046944,58.920847036670104,3.2906252302851926,-11.892611934094544,-6.526048463830688,-10.957080783674439,-8.343978989804516,-6.8285777753503325,-6.587347357469102,3.058129954525493,-13.81136022834007,-3.5896874172133773,62.52044916512512,33.822931119249354,58.16342078422801,36.348243937379,3.160769954598584,-2.265806308283014,36.3779557868071,6.172756863279981,-3.2906252302851935,58.80874276206171,4.1443525308523546,3.2080975682543738,56.26581562291049,60.11690355370668,5.066119590685429,-2.8909939104440583,-1.8140744786956855,0.513944549680518,-0.9245827570061733,0.47385621504438047,0.41063820732565864,4.395420117554391,1.0795209346321957,5.065622629274164,-1.0795209346321952,-0.24936529165993973,-1.6155814569426141,0.2493652916599395,-0.8910759016741878,-0.21478971910105854,2.0764081173201956,0.21478971910105948,2.363033361469777,-1.6839030909575767,-14.841587337327402,3.8861205574903455,1.1512767034640503,-0.07524337657309493,-2.6470273768680372,-2.105558879888558,-4.0393793449599915,4.607225703170717,0.18436726727544614,-10.42556661419343,3.628831463090614,4.400112905804332,-1.3859500752418996,-15.967740820227542,-0.21008758184124923,-0.49799028343678153,1.2533614003484932,3.6637279771155393,-0.9411891216228033,-0.13828110904926091,-0.8276028507206512,-3.60908571873938,1.7388947202186356,-11.362739582505629,-6.890234794363024,-6.906902065744574,-29.54165678624896,-17.30029355033465,-32.70142980387845,-13.729507496661679,-5.428861120790364,-1.7388947202186356,-4.886768068182234,-10.17905351547633
2,-4.367452493783311,-2.5924059132803143,0.34238966166519913,-0.7900313765842202,-11.97956557663406,-0.34238966166526613,-1.4422765927731085,2.4653133566271914,-0.34776466606087847,-3.733270396026152,-3.192817520334428,-4.7918304973816594,-2.707053245694055,-2.522424662375573,-1.3205476853696154,-7.055956616687737,1.1009032921072093,-2.7013221207347695,-6.03169244274682,1.4410177781799256,1.560344409498954,1.893878146274815,1.3995575229532908,0.3398646444470984,-3.083490123958493,-7.21941275191028,-3.9992692817569253,1.9802377768963346,-4.571512890539814,-0.7364407555375834,-0.3715613074563864,-0.8684848626588689,-12.559729663453057,1.1080020629939686,-16.615426926886713,-14.348855290330249,-12.129527117782926,-4.5285069527176445,-1.4643333608500504,-15.279554118873405,-2.127889503191477,-13.535116714267236,-3.5283973593894915,-12.597755724754268,-12.710830622697795,-13.86088462508787,-4.308972323507761,-5.368071697971126,-1.8352674280722663,0.2621816490210609,-4.677235456229549,4.415053807208491,-10.55596522870792,-3.478438142581024,3.478438142581023,-4.525784252838442,-5.24373963664666e-34,-5.155681378077721,1.8649003994130309,-3.437627401094793,-10.19498186354665,-4.37159090236162,-9.93749741615015,3.7100467576305416,-4.6814208588212045,-8.829695095554175,3.401918512780408,-15.719043484280691,-10.738673232623192,3.9812484251359184,10.106872034869491,11.04592849407724,2.4378834737608552,-8.409278044615386,-10.689401510099584,-11.744290946646238,41.022563009579244,50.07356382525579,-9.344900234062306,-7.417489251998255,-4.662882328968001,-10.361481196529272,7.159583900776316,-10.981304011590353,50.807753639343545,-11.08681269961405,6.366813347097291,-3.275335735147801,-13.272550219283662,41.94660915159745,-5.774620223933251,40.47582059490886,-11.597874864373127,52.182219854000714,-6.926910651523548,52.54163816445355,52.97785713846167,-12.825934795939279,4.662882328968001,-5.9198907672317365,53.423474830171685,55.52619104616325,-9.401757470110475,-10.263299902955737,-11.009283326256735,29.835579582492265,30.793819884102387,-2.982079061322133,3.035396024187225,30.16634034198759,-0.05331696286509385,-6.382342829504308,0.22898389998188737,-8.77156929889882,-0.2289838999818876,0.8692908560001117,4.132336034826636,-0.8692908560001139,5.343740123906342,0.5826698602650124,10.411130296831995,-0.5826698602650104,11.225430279126648,21.488748889987555,20.333216439140077,32.8818232236522,1.3947389613322678,20.371618159029254,14.772495158218792,19.100228003655797,20.433763953087855,30.730582108728576,14.306063962992008,19.73123954686251,31.902097313901336,13.798647407028135,13.928153470337453,22.128673053979227,-1.4818595426883159,21.816410017741955,15.350137337790986,2.450155976588489,0.08712058135604854,9.718621569662544,12.407721000970923,19.653061757681613,-1.9007126133980465,3.9401473521399453,0.8399743762266699,-0.6658191736375805,19.178196323507674,17.769461950221594,19.76467213352797,16.25861397830955,2.9748502626148063,1.9007126133980456,1.6338724647589988,-1.5505650764491261
3,-6.772558559876519,-4.135504558789056,2.433687234246706,-5.376761624027944,-5.818975314974276,-2.4336872342466953,-4.961833690051428,0.6327936305978283,0.7231983910067286,-4.190273700587185,2.6954221569222843,4.499459734919167,4.267386955191,-0.2522378052468979,2.826050907563224,4.539811938338721,-6.365449041126615,3.6566889663847455,1.8616987320396496,-7.515641275292963,-1.1524427523845353,1.6175664692768472,2.939415884655415,1.534954965025172,-2.168638164907604,5.6704548930525895,6.227182507627821,-2.2661777955445004,2.46584468315767,0.9722663380530555,2.1673821898860153,1.688945743413703,-10.014076674840663,-3.139648527939086,-5.523704503842103,-6.4631401622643185,-8.515586044594887,0.5318974522393237,-14.441343814141502,-5.2554727358034725,0.7186125718516071,-13.662102881742886,-4.265373505395118,-12.626159783864118,-25.743732472019023,-11.062764464816292,-41.60841483734161,-0.5958484991018058,-20.422222114587907,-1.4423611901414342,3.793264113718456,-2.3509029235770234,9.042282639495513,4.125450760045572,-4.125450760045569,5.605270198715182,2.1079546675347094e-34,-9.532555371445566,-22.622837372568974,2.0859714482327036,-3.357381883577651,-10.533006480559909,1.6180344362755341,-25.804403340844992,5.069080554731025,2.3875996203284124,-27.110783602014664,8.89956467618812,3.416676706889933,-20.036700771692963,-33.0781539544105,-24.255992938955952,-15.51542387267368,-107.61674144444038,-108.94184778269566,-45.77707466899209,-73.67662102214182,-49.6072564157188,-93.59999143335003,-36.618417674590575,-0.9178597810631095,-101.24154754088853,-6.57920310061894,-94.69514524600895,-47.19377808524945,-100.42843266245337,-7.939603207795175,-3.0503762039420037,-101.08716331094662,-38.44502520094622,-89.54223878299646,-66.5715689841454,-38.80506887701331,-80.08860211651917,-1.1724860658168077,-50.22257700595689,-81.36526262645705,-109.2322459942483,0.9178597810631101,-89.5689702598718,-64.11300687608741,-62.280551455450535,-89.55374386059174,-43.53157118875061,-102.87524586969201,-10.462738606460082,-12.422337860893851,-0.6701114843000855,-0.8468228135027548,-14.57525970357251,1.5169342978028413,2.989816009656597,2.550329064154535,4.2996565165903435,-2.5503290641545338,0.12766083363560596,-0.4358372842607294,-0.12766083363560635,-1.7749356237166223,0.4918770956437055,-4.70229133512085,-0.491877095643706,-3.957375912022773,2.281981824013639,-9.7967673027586,-9.724791374058306,1.0615345191456589,2.7037366411017056,1.1722727963989197,4.993560470859483,1.4143829278326812,-7.212080720686347,1.7018160537467049,-5.740195790853265,-7.414885412997733,8.55591142151818,2.52433515742751,-10.963977534283009,0.14347191291715444,1.8655400032959397,5.861510457465472,4.803530886191844,-1.2050064320628153,8.174879136086782,0.11174148529183205,1.009124645943963,1.2948355773844442,-29.41743936125512,-29.986227260477655,-39.858811724747326,-11.072543516369649,-14.510625370957046,-11.249267225031758,-10.155258624240616,-7.595037449658527,-1.2948355773844435,-8.567222293982915,-40.10860931387045
4,3.305961687405619,1.5251400634275265,-0.01375983220665744,-0.23233790303866486,7.321026062975603,0.013759832206601595,-0.35237975676179245,-3.012691234314965,0.2952324393303191,1.177661403602321,-0.5913377298775351,-5.234079500498101,4.322322260493994,-1.2887201592185784,1.3228444333409533,-0.9637106774149422,-0.8724701562833148,1.9643075379038557,5.516500982910681,0.6438004359715701,0.44181972619672544,-0.9810173077951029,-2.7585903069384936,0.3161194641335452,-1.113017803864316,0.5342512527328984,-6.111049389232263,-0.14571443564948336,0.9241229809393208,-0.30741729677237084,-1.8080988907875524,-1.2791856036572424,2.380653403730622,2.115516187559933,1.514203509908422,1.4816812449579704,0.8679676869075181,-1.3796964971681782,2.5561675979560947,1.2300986108916003,0.960179830813346,1.829137474161992,1.997066865253266,2.1088162640985377,3.9335208483626936,2.750047680596261,8.713801962736035,0.6998829819956204,4.586742041463857,0.2499550211429802,0.2759215944037375,-0.5258766155467177,1.1853835349112476,-2.440034990152898,2.440034990152898,-2.67934640758724,1.1434817302780832e-34,29.344504187855005,0.904798669713492,12.00386313330293,39.76187120298796,38.033836536004316,29.93478858695711,10.832294922502896,8.871194301659449,28.48053567555071,15.385730773299045,36.957498319377315,45.24724235327349,20.055672130529082,0.8011516794153137,4.509182992646692,2.279682292413125,8.758782412199318,12.81777107021081,0.8921393546369438,72.99585173006793,39.54995121913325,5.576469300961428,1.7423989521252372,0.08251402192041851,15.058370011943452,78.84105825372556,11.519991381252908,45.20968455675041,13.76524982894616,78.98293441208288,0.09723199520159843,15.818687853709278,35.626201925418975,6.68032105883698,67.94534637808891,3.3691034340924766,69.21606113498513,-0.22760481371823843,39.31379754934404,69.12131037169416,13.926441560929142,-0.08251402192041962,4.97255156476046,46.979442897405335,44.00969858340512,7.150860187069818,-1.1003132433765743,8.272335381491484,2.134027592641833,2.1056088571037916,1.3887331230270126,-0.17461403383060187,1.8973567721058133,-1.2141190891964109,-0.0691981817986675,-2.0816722339725997,1.539669301761025,2.081672233972599,-0.5085111377364797,-7.471131904198355,0.5085111377364797,-7.721646706049819,-0.2451544229353606,-1.7825040149572162,0.2451544229353609,-1.8721727617049815,5.600459060608651,7.2078050935074796,-1.6459126259364307,-1.4676912413406495,4.084628967664954,-2.6816478172161653,4.748860157995693,-2.417183910395403,-1.926548163349325,-3.2335630657310492,8.388554038652055,-1.9571198251123383,0.7677216853269825,-2.8658790993861967,8.618634167675545,0.8053341125127942,4.537194793630836,4.502629197579088,5.733035348118794,0.6623571288278555,5.80174993678872,-3.911516073085142,-2.621431309376647,-0.43699101686746333,35.59914634204567,28.95165381849011,19.171499443618302,40.50315548220863,51.32109909920337,38.21845093888576,52.39249748511574,29.78146316295808,0.43699101686746267,44.35776777927456,18.654128725775962
5,10.111785145735125,-3.607033664580328,0.18517459211071688,-6.876227002696875,8.805338508877607,-0.18517459211072437,-3.7262661648804896,2.405500330249314,0.9200377637987482,-15.422340126670283,-2.915474591234933,-4.262790124770195,-35.41636890302942,-6.62190223403791,-0.3189081237998348,-7.372182655547883,-9.81130287754854,-4.056630830998376,-37.082710069348,0.3085663904208022,1.2724611306885727,3.399211309759544,-4.9415306055783565,2.481455022239614,-5.798488368347952,-12.302017064281385,-2.9612259151474105,0.7229756967476252,-4.8118121189735215,-3.4433918960332432,6.151796935219826,4.793297691106845,-1.3387033354945732,-2.7084050391865846,-3.9281651151678045,-1.6023741149447739,-1.267603032951613,10.410626670604357,2.068534084162685,-3.1308445742564004,-3.7821906042826576,-2.7094933494128246,-6.163378677752348,-2.3467281639150483,-3.205205882176935,-3.049129276944171,-5.518436369763253,-7.20881846338459,-5.427997067159254,-0.9490742338367142,-6.383226708421334,7.332300942258039,-10.143354123395902,-6.381038475496195,6.381038475496194,-7.540751102080744,8.333230488503618e-35,22.637438588387585,29.007757376905644,5.561632909622697,26.416827334387854,27.880048063424237,16.037458255155087,37.63349643701319,2.366599914238073,22.67029032030791,32.78395002696841,8.761729770542479,25.350142727659474,30.588854047804542,34.08830388648892,31.01478873983238,22.509519417183938,-13.424728388351664,23.000016526087844,-21.336475304034987,44.942494029920425,-19.78553029316189,16.294349172023278,7.868080772752808,-1.0260551573138035,22.00877944915545,34.18987479618903,-13.68692674843863,37.94163292472012,-11.710805314939018,38.58830043175215,-28.423537732390443,22.760560850656994,23.66007865648952,15.728828422028212,34.83543767374293,9.01022993389292,-20.05153794116329,-28.87012831075681,-18.377141890175366,-18.85855341973511,23.908108593425023,1.026055157313805,-17.0501350733955,-19.90987816029601,-19.758195103771328,-17.603581647632453,-21.523813623237082,-15.161904683570366,33.457455846129776,31.99416667032157,2.1742376095766827,-0.4665963507833335,32.80067410795399,-1.7076412587933478,-7.20904623138525,0.9381768690584695,-9.852352872814576,-0.9381768690584695,1.1585581342904925,1.768794545597539,-1.158558134290492,1.6995041917045746,0.2540014991125144,30.01997012634973,-0.2540014991125148,31.9114967466206,57.30032048930355,43.218140845119684,68.9947716600133,0.09953706317663562,53.92488484626028,7.60088593529189,30.711638069707778,18.66868585815979,63.54489437695035,8.196012675819594,46.40800180723967,60.676333664374376,21.177425626396733,18.25558164132732,48.071907074077465,-0.6014843251043468,57.78727899418212,28.433311794233813,15.496751233080255,0.501947261927712,23.831070641315684,8.868055658639735,17.912840544879668,0.25326341822374887,34.346241514534476,31.958969219640185,-2.553753484280589,36.7785017653875,40.1085120791673,36.008633328551994,39.473712104754405,29.43735853534621,-0.25326341822374976,26.665653087377322,-2.6905884576647314
6,-7.237656206296112,1.6675114944116223,-0.13827701549259647,3.4235360134519683,-11.166890797070398,0.13827701549251598,-4.140061117830449,3.364216997577228,0.12929352404705924,-8.237191229219645,-0.9895556346202216,1.2230543912347014,9.667102174649376,4.7471850146695544,-1.3530034596776157,-5.809995476748998,-5.051354786003573,0.5078388326311363,6.903037398719825,-3.917532677669189,-0.09836895093709046,5.248593906242505,9.841638156756531,-1.4511634840720131,-4.169610608092862,-9.75504216316698,1.3598562378690866,0.9586310615102556,-1.0307857766727497,-0.7135103794966573,-1.2093294476425223,-0.8533550524219858,-8.612446444744593,1.9228398271391827,-9.591241171750477,-8.595357581281714,-8.768724482468532,-5.723201404497296,0.2215701849638027,-10.219185778331854,-0.14631482527125608,-9.355197362175096,-1.2447755604187825,-9.73648537039131,-5.341061230329046,-10.89416742573516,1.7539134524856306,-2.1894935462924336,2.237184229036952,0.25065943844340055,-3.607445548664665,3.3567861102212633,-7.470619637666882,-2.9605033880761358,2.960503388076136,-3.821225596984955,6.056667556528121e-34,-41.597742039726036,-41.190336187492086,-5.400668075541878,-74.55591035516375,-80.225682745057,-39.85713490076567,-72.98311003519248,-2.3074284481016667,-83.34238773580272,-73.87645205160555,-31.580145759750767,-72.5548064698578,-89.43660747848648,-84.91128561532554,-83.95819783527762,-32.05798133810956,11.605627569783417,16.944267166219337,3.4320588699959087,13.401486603342919,12.133266388489776,7.696553170350379,11.567152253416682,-3.3322832114121494,13.99013414530304,-10.674294092552046,7.128713699477729,22.49784759014288,10.38415102892085,-11.093922049069144,-5.509825181671903,11.167271367150637,15.546561522829533,12.998517810649108,11.941209331749537,6.467240665235749,5.042752776447964,-6.156384690307667,13.531118037786083,6.433830848887389,13.763864217668159,3.332283211412148,7.2470532972574695,10.06458766234334,11.037397367930076,7.131937272965546,4.690533925666741,7.925608287094243,17.439369227006665,17.74347838563409,-1.6936156593490255,2.9662704377544737,17.775758858876724,-1.272654778405446,-0.6992662044434841,0.4364743877751077,-0.21164044235107593,-0.43647438777511,-0.19994674008349594,1.8844922354796318,0.19994674008349478,1.6990720364521905,0.4216110725427585,3.590323168989493,-0.4216110725427587,4.232989497755067,6.097829902276082,6.595844677093295,18.20490599595925,2.3639628961422323,6.3489709303363995,7.137637119099675,5.632939400945821,8.549056298743048,17.355760207779646,9.732469215425551,4.915094934171071,19.327539387913408,8.327175860297247,8.47092290474711,6.158397114423233,-0.9228173022252768,8.726916683663159,8.050921285874391,2.502698308928783,-1.4411455939169544,3.6209463912182493,6.07501707272332,9.464344592372205,1.365984432343101,-3.773596541265428,-0.5064005296875065,0.6769871351980958,13.59831430944919,22.50817327067591,9.36529178645405,27.03588606602352,6.453670103832155,-1.3659844323431014,4.1818877921585065,-2.247436470972286
7,-0.7700187445627066,6.194823701877439,-0.6805963426710738,4.012201425873394,-1.0865672103308586,0.6805963426710945,1.72297565713497,1.3225397116687247,0.000965996047437028,0.31011031152536817,-0.021114817013525692,0.25828469490693073,3.8644646009843138,-2.3479570726216967,0.6201660273246128,1.1739348267837977,-1.2585194850518673,0.535791431818099,5.407378489427424,2.3329355300932093,-0.12570295497464842,0.6201692495781289,-0.5135153770019846,-0.6172925731387499,2.6888780188466037,1.593719694643164,0.20366296767241762,0.1458517759407833,1.8607049356333902,1.0850820561928654,0.3365974505232481,2.0813613620492517,6.5050058397514805,-1.421679506716103,6.538929580884613,6.116174271783762,6.404106105943967,3.342537369645216,3.2678794891112104,6.355808910474715,2.8750286046571136,7.410640439586762,3.538545682653647,6.246351239415104,6.555592968945552,6.862519455971937,6.281158055044492,3.1538428722799847,4.16185785226058,3.257397869405227,-2.148332631957289,-1.1090652374479388,0.08943292042937713,0.7853971148959946,-0.7853971148959936,-1.2932313170403336,9.314392482958313e-35,-0.20887904278326272,0.6722265218693193,5.536262705832169,0.09494857634934308,1.4580915027916632,2.41907160417279,2.1390677525168447,1.8725506525054056,2.6604938122153055,2.4612505825995465,0.9917136995129923,-0.49187547150115063,1.7419162204410437,4.128577423977611,3.4994509919522323,1.820813396816971,-23.367716018602213,-6.026803158235653,-21.09624628008349,-12.830718851753128,-17.888703717609506,-4.528985473936573,-3.537344903781284,-0.9415884956962254,-7.5587173557500575,-29.89755912595007,-22.53822568997481,-5.0790874005843145,-22.869471907707656,-31.08236527865207,-14.482353791993395,-7.625293641862528,1.5626857027410246,-4.275033891606049,-9.52861287700928,-4.735895551062534,-30.419786920078515,-17.197492396593198,-18.31217466462113,-30.669345590151163,-7.981894191152459,0.9415884956962243,-21.837792699152676,-21.664671972722093,-21.60583457536688,-23.916248151142455,-18.934271334922236,-23.82372151543531,6.260556185035913,5.523206616415541,-0.022644144170838054,-0.05014253512631378,5.333871738227423,0.07278667929715249,0.7199671132881263,-0.9224272683222526,1.9001936502517796,0.922427268322253,-0.5711409526000525,-7.186652300757622,0.5711409526000504,-7.415069106485304,-0.07076371296622767,-3.4605887796422237,0.0707637129662265,-4.742490717441706,-24.216698588257415,-19.57584284844784,-32.169912665338,0.8554611654097929,-21.134571108390634,17.84282774097602,13.330586696247662,5.065680484021034,-30.840650274306952,18.525204274105043,-20.19288259816576,-29.095132111384963,23.74814571029017,13.142604331289082,-18.778526461725207,-0.31410124166169806,-21.639105515041457,15.47974624649944,22.854228552542615,-0.5413599237480954,17.76908581230917,16.030632955178152,5.8056078137700275,0.3180532874503805,7.44861844797298,6.875448081742442,8.15493851884444,3.5002443640055296,-1.6303453323174961,4.887345346595717,-3.250416261699738,10.007784837532057,-0.31805328745038103,6.182419408893812,9.24719664368506
8,-27.901134533981185,4.044407802224312,-0.5622454657217747,5.104708421457077,-31.80506781135016,0.5622454657217888,0.8571248746210793,-0.046930572303608545,-1.1551858627204217,7.775208610970757,-0.06345370736740212,1.0259796877142928,-2.08297766188152,6.7367781077776945,-1.481274569712841,1.2541097755586126,6.767543630330848,0.07391525504994641,-1.2414548975692912,-0.3729796955995323,0.8114352641471825,-0.5449540224184218,5.768569166887335,-1.7885346416130694,-3.2903717093051585,-1.4860386419935496,0.3490931255896514,0.4072043059406482,-0.3728993948516964,-1.3469017134264858,2.8026038097744697,3.218994487860489,13.946040114334478,-1.455702096347988,16.94837780426083,15.612439624399462,14.865205150419504,6.926036376140343,6.589629034684174,15.527071748371442,-2.986502554850051,14.655660660041805,-0.5236793254777222,14.7027004154535,16.328237183415794,13.149390064706738,1.8657692742882386,-0.42225238350803823,0.31572769469325285,0.015477749601586125,1.1864264650803595,-1.2019042146819472,6.224969478572696,3.7313750432893174,-3.731375043289319,6.287253378791304,4.8896930702096735e-34,-33.38066210930204,-21.59756063174471,-21.08016033056819,-34.45431231542028,-32.61151786803216,-28.45359738960393,-23.733048339973724,-9.545527662338927,-27.000284402475014,-26.311355538953585,-30.475796628719834,-35.778381006129514,-20.88444066545779,-16.508805906971915,-20.563592428064013,-23.444337737399547,-27.682226887639434,-9.703272397006728,-19.3558672967799,-10.138194924001642,-31.193845363850386,-6.714269197920309,1.1877118049919355,0.2627690285279565,-10.015592960574592,-20.839063982164465,-25.67897485136275,-5.655209692779943,-26.822010122533275,-22.64418679443442,-20.02309867658473,-11.110054739482157,-3.1782502222069113,-4.101275879789751,-6.938672973267903,-0.6748138295959761,-36.744031404504966,-18.308999052013412,-30.929708541328274,-36.532694099323564,-12.072793214663852,-0.2627690285279567,-24.260307036719322,-33.40087412419642,-32.47903785513182,-23.38077528016976,-20.026707250693143,-27.072671153357128,-37.4707179848795,-36.9271226812102,-1.8799868927149384,1.7977505556230031,-36.530549986996455,0.08223633709193486,2.2702601424981386,-0.01598446887317102,2.0421303749825697,0.01598446887317324,1.1513551796245851,27.96295952188691,-1.151355179624586,28.06199994576367,0.31494677373581126,-8.318999507637727,-0.3149467737358104,-7.862298150326968,-18.04861214445607,-18.060142214405406,-20.71404911203066,0.8796836383073844,-15.5356581053012,-8.879618222787606,-19.960864434708306,-7.894400789928295,-19.200783745268254,-7.752052704582514,-18.08343126501461,-18.848776566885018,-12.2250406669735,-10.711079467422358,-23.983748810547798,-0.33830305266113975,-16.317802487124183,-20.718967859076002,-13.12123394020056,-0.5413805856462438,-17.17877176565237,-8.40903035138796,-8.155018673903772,-0.015596623446013886,-2.382644847516066,-2.9923201393135366,-6.558830004229166,-6.898645286059358,-4.961243928380124,-5.939066226092483,-2.740823645528036,-7.606429889810574,0.015596623446013655,-6.734599994095192,-6.6113583120549695
9,-19.811152949877517,0.9287858211152209,0.399376768550447,0.5585769569466226,-18.262181590719038,-0.3993767685503907,0.15680164884180464,-0.042210672669404536,-0.5890943135881476,5.576053337073234,-0.09201964288914112,0.4145936579624754,1.560464617836989,-3.1016661371191008,0.27817444009231196,2.787038145606327,1.8181264131946724,-0.6824934650414667,3.388382545092465,0.8327197411059954,-0.47516365292958956,-0.855395999126677,-1.5298996288125601,1.9260373794411434,2.7152400977659057,3.370198500162616,0.7612687954635332,1.156277609406898,0.19333404259479794,-0.596536013148824,1.2949504285306381,2.448627097643783,1.4540376171774114,-0.6984144153818239,-0.7506354756451442,0.38173942745990835,0.011071225385907942,5.346771270708063,0.7716113926701696,-1.704015784000265,2.5195944751488524,-1.6879149649831708,-1.9188741454137803,-1.9915532178103421,-4.571798795467941,0.13140899499337994,-6.74201298490357,-1.2176804767043563,-3.909417371388425,-1.7345840512656827,4.903860128814487,-3.169276077548807,6.689496607067995,3.3272328141494194,-3.327232814149418,4.485780015305071,-3.830705805391745e-34,-1.7198764353919862,-8.391907292710917,6.486259042433131,-4.006614940727784,0.27961717732188046,5.3199269045510444,-1.8703890126093177,3.4986689914777696,-6.587749597420612,-0.4697257405650953,5.126012731361591,-3.2093348066300917,-3.6541689581176264,-3.809584574338429,-4.868882044519163,-7.750752367568295,-1.5897000071641534,4.452862265162365,3.6592936975507513,11.626713686416368,8.946167137358936,2.1895102764217698,5.1744639308994955,-0.8708194467264149,6.217008471526417,-2.690870055824642,1.6900427474302089,14.16702171409023,-1.7124691072668632,-2.8041438572354536,-2.0778965530806186,6.759503459147478,15.416919050723207,2.1668285958811917,12.642981075395198,2.762932928660457,4.390938284771533,2.5903947395828197,8.782797660279135,3.5150329996658796,5.505237602008492,0.8708194467264149,-2.3208050692855036,7.44663707783542,6.896869775257808,0.35664221365203197,-0.36526209620189243,0.726829052275425,41.512458350535624,40.70294468588489,1.0557123561977215,-1.5049818727979238,37.40421675041838,0.44926951660020076,7.895111418409754,0.002653384065448752,6.613565988643317,-0.0026533840654488616,-0.3423628362380354,-1.4826814596516291,0.3423628362380341,-1.04922114884282,-0.7420241718651279,-1.5237599805756934,0.7420241718651271,-1.073385076548592,-47.68586149768885,-44.41884387210469,-38.62428350875611,0.6559439717844957,-47.573737744886536,-43.023362853370166,-47.34298758215887,-47.07618716166786,-41.190518325774164,-40.64921814418238,-45.893565039072634,-38.87820256652733,-45.195241042704595,-42.4417212247027,-43.32259064249391,0.6891292730779613,-49.68673072889694,-47.10148589492517,-38.44259353524889,-1.345073244862457,-44.802147853610784,-42.18864880874191,-47.14361688006771,0.626424183636667,-19.963351805214735,-18.60842742826948,1.8024508060520568,-19.934670249481123,-17.960931940011672,-20.219333963770104,-18.91792347390073,-28.89413273901786,-0.6264241836366675,-26.27647032391979,1.7685215262382559
10,8.541799045264789,-0.9679908802062788,-0.17160358573782125,-2.539989192753256,9.462886366845375,0.17160358573780132,-2.8295728022460254,2.384679369543305,-0.406252460584372,-0.27430483786114684,-1.063353900270501,-0.4156267381891553,-0.6546712153964046,-3.280551384523416,0.971876878122669,-3.4146029196702377,-0.07149790129609865,0.5447020632869317,0.48045329685671767,-1.4446083290949934,1.6141423675648514,3.7825948944182524,0.15052215762253746,0.636936407281111,-1.7029397453279271,-3.426673960392299,-1.4728140518291801,-0.14453600671001293,1.3162874100038795,2.6936232023330704,-2.558372362674815,-0.24960871119107883,-0.03374348145017513,-0.1352508396582609,2.6713351016987836,3.11345139718997,0.7536449054953519,1.3673264419166187,-1.7440525035704568,2.271926581110689,0.21900711997369965,4.108964781138323,-0.05356418793607527,5.394644158127172,0.8409523408301977,8.626152007862572,3.2157586305188794,-0.7837799502074119,-0.2555394067402936,1.2017379095111738,-1.9892733819758184,0.7875354724646475,-1.2451159561553191,-2.321461637778938,2.321461637778938,-2.7106182345103353,-1.7895656317281506e-34,-5.048698756215276,-8.296518360715158,-0.6846991000944712,-0.23850078642109854,-0.532783462984055,-1.7403994850091822,-2.816796892149247,-1.1423498687601619,-6.176418867125498,-1.1483457194849285,-3.2398191768511193,-0.08862531286141277,0.5661244387996662,-0.07549116863860149,-0.4687399233009106,-10.253124235481598,14.37776324458414,18.06148460884136,4.107127536708957,12.171212599129706,12.802848805830493,12.45471846813044,4.039906600186362,0.24500387812040875,19.18514016924682,-3.0349718181700918,15.352690116062355,16.543144369833854,15.114178855035195,-2.4051193866369127,1.775288775586288,19.673054539693155,8.828695086787082,13.109556290404804,9.618472813046425,2.8484018834446703,15.441276814012308,1.201229915770233,13.935391293244876,15.89177225403315,17.89728361853995,-0.2450038781204074,11.33254264192693,14.971402255143575,15.313442055452882,11.41109194494783,3.587076503506799,14.307513408926333,12.712969419001576,11.819997079403906,1.8864424154108639,-1.5494678438073564,9.89352229211011,-0.33697457160350736,0.026401767732703085,-1.5630726883919714,0.3528193471505887,1.563072688391973,-1.1547428141340172,1.2367823974233694,1.154742814134019,1.1834591992417844,-0.5027766429028424,-3.734531046527702,0.5027766429028431,-4.7644990764880495,41.51202030483455,64.23307443857946,-0.19594392915270645,-1.1475525891041873,42.61796027804195,-3.1192024225655772,51.65911621355184,-2.2695556445009073,0.5306744247934989,-3.4453898073887745,62.47883972903219,-0.42093724397088245,36.955326777477175,-4.610426415615325,63.274957419167755,1.1628091655764725,40.45847228855305,52.569683160436924,35.85288864810758,-0.015256576472284804,55.9005783933536,-4.017442134188407,-2.81302943929847,-0.9991656563426417,-1.8390711819633554,-3.019663686482795,24.406592753178757,2.6821397063949233,-0.3844420955401971,3.588588820552119,-4.307868152710477,-7.709669490109617,0.9991656563426414,-5.967564209896454,25.290351278606668
11,51.54061032941234,5.4011914887637635,-1.221597549896413,3.7332823068140284,59.017651484303194,1.2215975498963971,3.5578954592642718,3.3133258556921956,-0.11446288727622417,3.7608216615405943,1.9353509216768399,6.391044333327853,4.585083462848645,1.6794978001748069,2.5785922768658427,8.662402397656717,2.719241501390334,2.2000671487307906,2.787335810580607,1.4280881866437467,-0.5802212592956307,2.1619759580068734,-1.737359284339397,2.6417563120599965,6.860032824083289,12.495488997408334,7.8378746128385375,-1.2406667751049862,0.3339381264663658,0.2768425040287309,-2.2987118762198997,-2.281727517299386,0.9928336250486351,2.0218693721911523,2.4508206414576685,2.4270823916534585,0.6586449986474517,1.9743873497123272,-5.851407813046748,1.8909897676392269,-0.12074797310614807,0.7875294873786688,-0.41238833028276123,2.8500563407177335,-2.1468191961089635,1.6507436263722244,-5.667252272286958,0.37657985924554027,-2.3790852444100943,-2.8576022096407176,6.663866582127334,-3.8062643724866163,8.526181279826123,6.362069064516806,-6.362069064516804,9.897998246737103,-2.8948968840646654e-34,-5.4872190893296775,-1.2879427699111483,-7.3843627686843005,3.923893776031143,-2.0485319095533563,0.8845957120112241,1.1771852656003956,-1.9224762908247461,-2.8759919438724655,5.500627036938366,3.5231265033382773,4.757281206191849,-4.051711423433937,1.4883544627642882,2.787336566952469,-1.088914466579724,-4.426062308553852,5.190603703230444,4.078393845522009,16.138763586291443,15.173729373459631,6.362645958971476,2.423073994782057,1.0405431814560322,8.324807142174429,20.23945763201967,-1.190869454517344,19.004332167806584,-3.0788917658503427,22.28071061256131,4.580121761349636,7.269618922451069,13.827201318935565,5.389076755779999,13.251186597864002,3.731768741906904,11.325061100887092,5.997000076871269,14.126817445817899,9.963077760972299,6.1823461729415286,-1.0405431814560326,-0.745981524290725,14.138017772337825,13.231288692999106,-0.20835316763586187,2.9576968633741134,-2.7525043515730676,-11.596463879408022,-11.097341975046398,-0.8606959763722906,0.9905425956514847,-10.671295581371593,-0.1298466192791949,8.573406086722729,0.46038538040358684,9.937747550958532,-0.46038538040358645,-0.4398829247184056,-1.3395224363952218,0.43988292471840545,-1.465575772050293,-0.6211902827108441,-5.689991291767453,0.6211902827108445,-5.173343499518015,-13.864046980644689,-11.8532161276248,-11.366430453245885,-0.4631602250008458,-15.102703894076651,-8.20816584222679,-10.014646908310056,-10.822127955076166,-10.53928622196884,-11.507034644713432,-12.313113398929257,-11.458617974288844,-9.325869463246647,-9.92113531979659,-10.145016864267717,0.39100185324479053,-13.592772447596866,-11.816964626622035,-11.792373265931904,0.07215837175605448,-10.35815165164141,-9.151180884299025,-11.798618766538402,-0.2331742598932584,-9.964774827054955,-5.43606075932421,3.6855682733973416,7.777666125124161,-4.007104482824818,8.457857617956396,-5.904486650953956,-13.610193911932388,0.2331742598932593,-7.726142263544934,3.0961502306890094
12,17.25074976926818,4.095487852354791,-2.3363801142840073,2.6882706568408197,17.264518782826542,2.336380114284018,0.7561093139559826,2.333252408034657,0.47179890311221234,4.2335108082639294,-0.18856647537457585,-2.003583762001071,-10.086911088662553,-6.199747828075317,2.928598698517649,-1.8015345780621757,4.5446890746946575,0.35656200160326945,-6.998652236389867,3.0171001889871834,1.3651414631148087,1.0537684530006208,-8.201395657259825,1.8660390850953847,-0.4308401026039698,-0.6493480915758753,-2.755123932224238,-1.6483738908524281,5.316669704146541,3.355720984204856,-1.8810506075541824,2.769533173441937,6.425497480685293,-1.4746703766506692,7.259364233048238,6.362804721639008,6.469240984550984,8.532149783337637,3.2107552710658145,5.923089071918514,3.90028464769339,10.097843682762672,5.725055389441005,7.0459432661854375,8.088021760553032,11.852786775672506,14.246646129834389,5.265554612561337,4.581174424047351,0.04601285019894411,-0.4248123320898894,0.37879948189094703,-1.9784028567810958,-1.3509611611558003,1.3509611611558014,-2.035553239165221,4.690676099157002e-34,0.06719663280540131,-2.8205905026170677,-4.9236557023705,13.125369780901062,12.881481946261312,6.109667498661901,13.999569301736502,3.553276707298211,3.673689082015363,18.74059661947655,8.206410738984253,14.637372115920966,11.590244019726047,17.516810924663957,17.138695534619178,-4.390069219949253,-23.447122227950473,-27.658593416715185,-11.576164041755607,-18.711432306498388,-6.24459667327229,-26.03734711439891,-11.307324128685384,1.4325881346137819,-19.639473379854575,3.571173472773495,-12.528804602657539,-0.4808290183672657,-17.27845680781006,4.704637649285188,0.14676807441950174,-15.881805925586798,-0.19452115272493753,-25.7878278861289,-19.06070266955439,-10.71977488727713,-22.980798961157706,0.02805020093694643,-6.707880836168401,-23.322834556334623,-24.9404649946369,-1.4325881346137819,-22.64605230357659,-10.97521082441277,-14.060936690645281,-22.267971383310158,-11.915251170428835,-20.526573530224432,6.892570944373354,5.23842541357791,1.9226071769543285,-1.6931180812746605,5.824966933227713,-0.22948909567966955,-5.54010800415829,-1.6867242592148313,-5.308587188736551,1.6867242592148333,-0.9498911585580738,-4.260678387108965,0.9498911585580753,-3.5668051812179145,0.027601217442177806,0.5166311291834577,-0.02760121744217757,-0.24256584226413408,0.0929372601046427,10.158561966949701,-3.203619508670604,-1.454989169295621,-1.2305171981735588,-1.2255918251774858,-3.3080488976692184,-2.2406588825591003,-4.126857789725066,-0.9483837604273289,6.413707098122695,-4.444585021923744,-2.375732067700063,-3.5641203819792326,12.317432571616894,1.026452700340099,-0.9137598033564565,-3.3992361782743425,0.2215715171276367,0.4285364689555239,-5.307506109312788,-1.806472353783095,-2.6466694675861357,-0.31357424489123753,45.465007442254226,45.31718175264425,84.76249436668839,53.79822116249392,43.83727851101263,56.235312579182974,36.898924400056615,25.469506583711492,0.31357424489123725,25.961011462854703,87.05512344339989
13,-15.433264600751887,-5.311468195716278,1.6330758767940357,-8.34536998394747,-16.656441211690613,-1.6330758767940194,5.406877230151618,-2.755493589821751,0.2804348701138823,4.74984283738173,0.9802767433110634,2.379446662367366,-1.9940912790429937,4.9531388011536635,0.9091930400506402,5.919688792565898,5.784779824336018,1.086259244560048,-2.232919393233855,1.2201973849220635,-1.5235539315840383,-4.94190696730955,-0.10018945562741736,3.5457112882940165,5.1425179221945845,7.388046224040894,4.319858762438124,0.26284231815911374,-0.3245795631803129,3.433496339379824,-1.3133225625910037,-1.0269396293114017,-18.051564792364253,-2.120173776788845,-16.89583251018088,-16.38994015805261,-17.163236252775533,-4.763568618644518,-15.580526943506408,-16.36689406563864,0.5121082850990584,-18.745982162829158,-3.2288390524243815,-17.481981889878696,-30.44702017237846,-13.638902506006353,-28.141830884492297,-3.176380655976859,-15.697295682966978,0.32875049843504633,-1.0139908205536399,0.6852403221185966,2.7304630228424873,0.9139879603401418,-0.9139879603401438,4.937686869393347,9.29313553609427e-34,4.838664472985946,14.300161233290435,4.015316120367506,12.82718260638886,9.670863914901062,11.52377528716327,15.066601190883656,4.197773239649744,11.996242625857828,15.882035337805846,11.79109390281021,15.925462191390992,11.14640488708911,12.784706209100435,12.962327315619865,13.536235977560509,38.39309834050885,39.95533525125992,24.223600718928104,24.79477735316128,36.17184550380834,29.339706342010963,21.948120788105864,1.778332600408734,38.75178258884765,0.10443532880248432,36.536201533939966,36.93010554009259,38.505818100944886,2.2847202234192614,6.430993968802377,38.19649446555908,34.109821799441406,30.90003180617637,24.103596176531692,21.014161848913144,24.994846330240232,5.175167510381616,35.57403585779725,24.175250675736493,39.54479312492123,-1.7783326004087339,29.771881044584692,37.116478284409474,35.61761905358077,29.091183608913543,22.77329634477819,37.0744781604316,1.5648605961474873,2.6146214545167807,-1.0033540631921947,1.3040280482597992,2.4085478786312406,-0.30067398506760457,-0.6455667536507423,2.1508213705857906,-3.2252037917561163,-2.150821370585792,0.06736756672144162,4.267969400695319,-0.06736756672144047,5.261511697305316,-0.19093558128400448,1.0346688228133656,0.19093558128400479,1.3897460004440079,7.020941853077646,-3.5312440076754483,12.580462188788974,0.579450703741264,6.763506253484554,5.2904551948817735,10.804104248692648,4.096227462011516,11.702491759338628,3.0768947997818046,-0.2958979767902497,12.120877426031278,13.881328866398297,4.660057816669335,-2.7459298667754153,-0.1551473267646328,6.711215983692195,9.020270677623254,9.127168458411393,-0.42430337697663006,9.274305234911848,2.795857655357412,3.7938567164568795,0.1252106270848778,6.072388479859522,7.661315831079425,15.490680401002374,9.788486261754066,10.453192634466559,6.447636278219565,7.268190703779078,3.2344856235147157,-0.12521062708487685,3.7287463869511224,14.45687234791397
14,9.101043867576788,1.6222978903851457,-0.9594630625497257,4.5434121042273485,6.018459009107623,0.9594630625496922,-1.3208365349853006,-1.0141775982622077,0.6725728162573176,-5.314763355853744,0.6624871076958281,-0.5217929211452899,-0.47546928750873124,2.064334604010944,-0.06335140434427554,-1.7030084248083328,-2.024822883825782,-0.5484348801531685,-1.2362295011839037,-0.19306249634979794,-0.47914157759680137,-1.4566958566092771,1.6544363877048622,0.30882446812154246,1.9181787984035292,-1.7950007470462248,0.4398189031981595,-0.8559183463563383,-2.4861439718042724,-0.9472765281275735,2.8359242876099304,-0.5147151014693294,3.849429742898354,-1.8886477594823676,6.255002633637713,4.644732219535968,3.970057770575499,-0.22661040176595026,1.1501592006258436,5.842773025487825,-2.7401604368457035,4.8210495446995,0.5296345174125396,6.53672638674698,7.808561591257204,3.0473976100757554,5.625971802038532,-0.3199517773723434,2.892477037926261,-0.2273166326657626,-1.70178120664507,1.9290978393108305,3.219595758401215,0.7517988892056159,-0.7517988892056154,4.113956462059495,-5.259109319760234e-34,1.7883764550791068,9.362091983463522,-6.568707121653021,12.210288126581087,6.353343644017044,4.6507150545204095,12.457451188601881,-0.9654002962677336,28.07519512847616,9.381246460975,1.8900800976813796,14.677909237176067,20.560507190735958,24.78741047800054,24.104688581586476,6.940846673992099,-0.7291028930180402,-1.9558577997786737,-2.4614765005659653,-26.2213085782447,-9.316992929110254,-1.7177300644920248,-2.729762999136638,-0.3491413248047452,-1.938980502055682,-26.011163305910355,-1.0862799745356722,-20.917267873142844,-2.1895867450494926,-27.641683845415038,-0.855269109019203,-1.4492769053712622,-15.800449197648872,-2.1674116742013734,-23.004485808316495,-0.9218782428236392,-14.018896094957034,-2.028024620152919,-8.899117380566409,-14.186350721840064,-1.3593615644826704,0.34914132480474586,-0.812399221586947,-10.170674949153051,-9.05781425702248,-2.3437989268839403,-0.8221897011079384,-1.3754159675199038,-12.46089555945614,-12.295848670361442,0.9972256558411596,-1.0693680050837213,-12.005161589076682,0.07214234924256258,-1.3591724344187015,0.7699505256405257,-2.5042977023084245,-0.7699505256405254,0.7969478596691482,0.407900249838683,-0.7969478596691483,0.7509899808086786,0.3871028571402233,0.41037913340415066,-0.38710285714022297,0.4345409873185437,0.5217453031829838,4.1144495419509175,-0.44608343420337276,0.2914708612585058,-0.04786971690625133,-2.9358486539069917,-6.607041495844868,-3.5331076507065755,-0.46177999238607303,-3.8843711975572,3.7783601437769176,-2.310145518836923,-3.2249287150357087,-4.607410135165479,3.748996321973341,-0.6196198911776597,-0.4639058614504598,-6.164829386684376,-6.960814334541396,0.32814902991915346,-6.957204171718307,-1.1349665153595172,-2.497652523791943,-0.7790587668614065,80.97964477649936,85.92339033894105,-2.622252469536928,75.91293021338679,65.04988389861823,76.479695350618,64.99096936246526,74.54512016607944,0.779058766861406,72.84174661512647,-0.8444433490843632
15,3.470246554267328,0.4925901445359415,0.25034955676061554,3.0089449399492274,2.950199400357269,-0.25034955676063314,0.6996970896901241,1.081323433407492,-0.18138097969956365,2.571934141044946,0.05382695801519911,2.294239407447103,-1.7233122504559233,3.7813433982182283,-1.11059503777435,-1.6675680545360998,4.412973938522003,-0.22128423253598803,-4.248593935513982,-0.8940256164631518,0.6926491449099393,0.3823848456467033,1.9498527603267766,0.49943661062818007,-1.6980300850540553,-3.3493408619382232,2.4571397534472528,-0.5650951232255548,-2.4092148898648613,0.5478722933746745,-0.5159857928069276,-0.018232904054491593,4.171472560723878,-0.03188650056771467,6.937564164225255,6.711899347474115,5.537095414122881,5.171571570747485,-0.3134674041368438,5.926229355813348,-1.9719296542501872,7.374958450567371,-2.1837967440882156,7.271101835162583,5.791736628599458,6.986161480045586,-0.12263426397028936,-1.4571757252250206,-2.2866795935550006,1.7969621234956406,-3.5623214525783147,1.765359329082675,-14.195090478239,-8.938565495839661,8.938565495839661,-12.22524108787966,-2.853420258074188e-35,-17.043941275966407,-19.276819690836607,-10.704688183437668,-13.902838580220287,-20.950689063317096,-7.03433137677627,-18.950187182925532,0.8699687259660425,-21.146214697021218,-18.42829235648272,-4.131529797847876,-13.269811568944554,-24.872043333573195,-24.828013875028,-22.887792328287222,-18.74029537892919,-2.93531969091157,-1.4210226139282955,-5.120394051552742,-0.9925480529675232,-3.1169212683314202,-1.0496179756423936,1.411130646791702,0.4454580959778886,0.41980488022001594,-15.517061219307177,-2.0568338781142286,9.255295378246183,-0.49326920970314975,-14.297698928116171,-7.580769392957604,0.3599660086686318,4.582461544865893,-0.8353438817833369,-3.3074728201252865,1.1334726458867126,-7.5105465488381435,-7.588045883784892,-2.914113288005215,-7.676564715239731,-2.242277666118139,-0.44545809597788905,-4.649758212322693,-4.523960827302883,-4.605869690386158,-4.842327668697498,-5.135574590037346,-3.5606659417705315,-3.056140148245637,-3.1070930744433065,-0.23917832373635237,0.27953752382762614,-2.963631292573012,-0.04035920009127181,-56.95610001113786,1.6082233226095297,-58.728588512844766,-1.6082233226095324,0.06364800233947664,9.032119904301183,-0.06364800233947568,10.196048643309714,0.04658283281509153,-4.195657807455775,-0.04658283281509139,-4.239424189758697,-1.3375072192363637,0.9739567467697655,0.17468950488928378,0.27199286307232734,-0.3029061037337014,-2.1476519119999966,-0.051369456269805235,-1.24502743814735,-0.8281722880431359,-1.1170455310349616,0.439899831658259,0.2830091739410851,-1.1876637812662496,-1.6875697848463502,0.4427631954341939,0.3014526534410878,-0.1757406724685489,-0.6375688916428608,-0.5789768196155068,-0.5734455165134158,0.805023095160013,-1.223047724738029,-2.0125802764845964,-0.33630324370866804,-7.634993478981099,-5.354484021979915,-4.193572551990147,-1.3683560943237685,-1.2564976478540184,-2.4543352172235373,-0.5620410873856021,-11.365749892210617,0.3363032437086688,-8.557061495256223,-5.04315263261739
16,-3.11610007099707,-1.9393161764444669,0.7843380047370851,-3.181770951708063,-1.9203038480118653,-0.7843380047370662,4.534332315052557,-2.0385294475047266,-0.3065838907161067,4.324141837531106,0.17973161934363144,2.1447667475490704,1.6968400962021633,3.9477243373053392,-0.7961871315029847,7.136710725089756,3.9732262578860285,-0.014003568974294446,2.2149967847982786,2.052152090263501,-0.24267512394785068,-1.5873584133732006,1.6487292738243706,1.3313506666737995,4.258641537190094,7.513277591420705,1.6510569218422362,0.3695273953203017,4.555718852682908,3.4418844945604086,-3.2413220935705622,-1.428004355975853,84.0330827637461,-0.20056240098985595,87.7179700643642,85.055554856392,80.68939351382717,56.90418240290716,-1.5988896730535436,83.66650649386091,7.988899255835366,81.83018648242266,7.586707738752077,87.19091687690953,79.47303674587266,85.31371474379388,14.421254267811424,4.75861439322152,3.7717475475588036,2.520341643898199,-3.016041875959553,0.4957002320613547,-2.224634890756702,-1.1441589757621555,1.144158975762156,-1.9174285124313337,7.772192620144048e-35,-1.5413358380922815,-3.2811403473350644,0.053412813939406154,-0.06348542338900096,-2.9149383720348947,1.141305642413533,-4.441052852276847,7.370509062101515,-4.450545807841892,-1.4544340672792122,11.282944874356902,4.259756544226079,-5.4332140074162245,-3.3430035803343277,-5.317277353670391,-2.321142222688271,33.64127629066318,25.567941137332674,17.02106896487908,1.4062817885166894,18.42339974737544,16.977863077454668,8.157306879298572,0.25624679908664344,27.63676232218466,-15.422869237527978,36.27247339892043,6.515927078075365,34.53292505279598,-15.085277202285372,5.426504035195024,28.033638054690492,5.1420071063709125,17.16903135265709,1.5934039613639366,9.691681666159567,18.03433601882211,6.188123816127993,19.021890259501053,18.393288051051993,26.526438960399734,-0.256246799086644,23.851629607191782,20.085218115566033,19.525781250795283,26.209640762982705,15.525401131089493,34.4105578856248,1.9066294664962422,2.534746637840797,1.2120887035817423,-0.6476921906893908,3.233882622040824,-0.5643965128923524,-0.9767246327819352,-0.6402350857748808,1.5358490918933776,0.6402350857748813,-1.1716202392395412,2.4099586173101692,1.1716202392395434,3.1086453511214085,-0.24977822679126624,-5.030987033921116,0.249778226791266,-5.1066584822468455,15.896621288920246,8.114645838948313,17.371915295357475,-0.4436140587708095,16.57108407535036,5.257808042208327,13.006335975712114,5.1501651974362765,17.28842235808007,4.412322025032058,10.271298295848428,17.07953064771793,7.6468025739625425,7.973852925827308,7.8769736426731445,0.10657237680750983,16.214139264111534,12.253533121704187,11.450000844408391,0.3370416819632981,13.022366556844634,5.3014585084757515,5.863135179579026,0.5547848746554777,7.351624539297921,14.495214330345576,16.524907482683062,14.980104100619135,9.160249817907388,13.217829392753336,7.040196570648654,-4.351250150476152,-0.5547848746554763,-1.950385078995398,15.276758399100258
17,10.037037915177686,-1.245900100527042,1.2935803539219994,-6.217422043724797,8.22320470594918,-1.293580353922014,-23.56663605066447,-10.084364033968065,-0.9599112561464171,-21.68849974158413,-2.87851245402116,-16.870733092461943,-21.463435909545186,-29.408098363710142,-11.42491630212604,-24.204755309796532,-22.587981943329446,-14.01492975034138,-19.147137860206875,-18.14767203005955,2.1814095948595607,-9.632966253468307,-16.518063951486962,-10.624419777709328,-16.37361774860051,-29.656472564995273,-17.779674758502225,1.6570141153080138,10.32509693354509,7.2588986464806995,-2.825458137716645,3.2077596521736678,-0.28145277630829996,-4.433440508764056,4.152807524629142,2.4559203121995097,1.6106863344430495,6.409505989029733,-18.527136773039775,3.8666612093302257,4.094583826767099,0.9629384998507473,4.648598209622604,1.8674593449689147,-14.111726940224926,6.47575720821603,-22.341484372598995,5.955052947100442,-12.858838985973684,0.3842481509867974,-0.6539090511731609,0.2696609001863616,3.3118643294295333,-1.1147932724279852,1.114793272427983,-2.0238795117692687,-2.840610068479787e-34,-10.668838145162294,-22.99210984480804,-1.03451036901144,-7.4690486692690135,-8.036253386174046,-4.290933813886726,-20.11300862939164,-1.430552546623873,-8.247674125296635,-18.54311496768366,-2.6464650822008626,-8.312262907689181,-11.498656847715276,-16.526541350008987,-14.51828523760712,-20.325280135548258,-3.40641384974911,2.6466954513386103,-7.053810374719091,-6.165705530300288,-2.4459142607347117,-3.5857823896684584,-11.639028161739034,2.419337887022606,-3.2960960074789516,-1.0886423968956795,-3.159134899303319,-5.698638401240678,-3.5725978741544195,0.2714152482616823,6.376429913443373,1.253368800330115,-5.156184252254516,-3.077888950049226,-5.212807099100363,-9.637877429681387,-2.0086043165786007,5.566626173974388,-2.0945879857226615,-2.101211952566696,3.1623468076189143,-2.419337887022606,-2.4149785109197612,-0.5928791799096229,-1.6933192222816464,-1.0337678622843207,-8.929223416252443,-2.0263204156793684,-0.10497663643512781,-2.733000921977086,-0.9455995637690278,2.0285166594191226,-3.5424233848348012,-1.0829170956500938,3.749423646721516,-2.261965761536395,3.453750048959488,2.261965761536392,-0.16224392674910504,-2.313510912101769,0.16224392674910554,0.6083439973996452,0.4938424382521549,1.302190806535788,-0.4938424382521557,-0.4534534872781005,-3.6409567812049333,-4.53853593322354,-9.455519444171218,-1.7740310875147767,-5.332189373506825,2.5641736138563767,-1.2388233728132563,3.704712498053015,-8.74220252753323,1.4076258954517684,-3.954090062641305,-8.192217858968593,-3.76698888206654,1.807646377056854,-2.7058754227719337,0.9199429248406277,-4.425844652008599,-4.191651315756367,-0.7348327013461727,0.8540881626741466,-4.0450738165992055,2.7370017147960852,3.259623096111187,-0.15528672133630134,7.683852732659742,5.045972769893851,14.029486961152397,15.233068444479226,-0.8465493129868064,18.903339995444952,-6.317349630780781,7.278210096845928,0.15528672133630128,6.344834914967679,17.526092142046966
18,-9.064803365772018,-14.11152935337738,2.290674200525021,-8.227197717808655,-15.972114085754308,-2.290674200525065,8.248413708101014,-17.50130642770943,-1.3134245511489697,28.97629007696748,0.632656000330964,2.222707677795205,7.7410454576623895,19.55585391676341,-5.395988525712515,7.318032424756496,25.87751914093294,-3.460557831594643,10.080985940557069,4.259500517354652,0.7768399280664734,-16.724431780144428,2.783636762151267,1.6437604126818899,7.522811796675719,9.468689533120001,0.2445729447526704,-0.09607137724842182,4.93965720511158,4.850948373381872,-6.574661197599487,-4.67298016400668,-7.090814752670589,1.723712824217607,-5.787517564022599,-6.0018187246537105,-5.822777563492846,-8.309669276651332,-6.113115474172417,-5.731332894473286,3.9561467029500825,-4.58091186451245,3.784666371011869,-5.171597612072486,-6.8837834965289835,-2.7271245885955073,0.4907703609638363,3.670850405327627,0.6658538730044131,4.417853006091485,-7.936917401740007,3.5190643956485186,-8.995374026291184,-5.419761794745541,5.41976179474554,-9.229935159167498,-5.187422777871628e-34,-22.012251530116767,-31.94700847246179,-11.127980168220613,-23.069770561264832,-34.11630269285746,-7.2812062484601405,-38.73681143083706,0.4719176366597415,-30.717491320203962,-38.24058658079422,-3.1617780449571367,-22.013125419774777,-36.64140209514236,-37.90554846644675,-39.447893079222055,-30.345111617647376,-34.376437163180455,8.506929988324611,-45.502785553905234,-31.87690989865228,-45.74510082492131,7.646019365507941,-0.9882620283770884,-0.6667660315462349,1.7119639966048592,-46.012090586368885,-37.29882195326259,-31.066377037577332,-35.38115652060624,-47.76851074007602,-47.639524901694834,1.8864524283968718,-28.78570579408959,8.131397228178539,-27.908631241389013,0.3344866321669736,-36.348579089331494,-47.51023265350594,-45.18517247889293,-36.64995947119075,8.40569757214449,0.6667660315462374,-36.00814012651367,-41.52905622671813,-41.621428644074356,-36.38737367199927,-44.87810140051107,-34.847575876855295,-19.340416762486633,-18.241796359277146,1.7478720450074945,-0.7601451907076163,-16.484087964363596,-0.9877268542998736,-13.997554546252436,-1.2868433576399678,-8.413378555322303,1.2868433576399678,-1.5685309230661348,-1.7905769924655073,1.5685309230661355,-1.199181710080177,-0.38961810002146036,-5.6443202813096205,0.3896181000214603,-6.152442707465582,24.784825241894673,10.250820201955952,35.704324455457474,-1.4177435256252975,28.807631268969235,10.979485831127883,13.198905522284292,23.174309983944053,37.926740184153516,12.52215724967882,11.260623631239014,39.251736198694736,1.9237242215180865,18.596606324463952,10.803879769384732,2.207686985842203,29.840085200412027,9.708181073832883,12.12606732086077,-0.7899434602169043,11.139636050548866,13.729061298472084,21.010152691111763,0.10296994157122379,-3.045756603655118,-3.7361980404363857,8.552397859111558,-2.0449476414475565,-4.111183343189475,-1.3365536299543859,-6.373048161921604,-7.336687284179415,-0.10296994157122324,-5.720941809753608,8.930428201476309
19,-0.4093043457854599,-1.7294942354847687,0.806262173952629,-3.203788075704517,-1.229707344606352,-0.8062621739526622,6.910219197372366,3.3100042507194885,-0.42926079318311355,14.983531289178423,-0.6476527506835746,-1.2555160431139742,-5.425552216789755,0.839332512393422,4.4553366776399645,6.072822411779017,14.043581081331343,1.3771389403698977,-2.971791197220377,6.541776865430159,1.803471139989418,0.2299746281144736,-2.7600073313359723,5.648411279773343,3.3436542343392754,9.690684930268791,-0.6139677461661793,-0.7265575961227448,4.884070187503337,2.732148850262283,-1.590456276101016,0.9163401887794735,0.4728096837431559,-1.1416925741612822,3.0808134882013047,2.6960619302753948,1.4793063796801968,2.73563082154486,-5.8795276531793785,2.827596567594019,1.6329491284976465,3.3941929818990344,3.219143986070801,2.8169719740553516,-0.6741771524948637,5.369940993072619,-0.16138962128977916,3.323923174726909,-1.8130330574373121,1.6866867583075091,-1.6871459480077988,0.00045918970028980866,-0.07128004239419691,0.29197281482106463,-0.29197281482106485,0.7347606894832784,-8.75193248884835e-34,-30.540444808713357,-45.38986402558983,-15.087163812350054,-18.408438203561374,-12.557960770760156,-23.871006091347496,-27.103851349982794,-12.316340516260867,-21.31952628883482,-24.833536432984086,-25.489077758837873,-18.842057193508705,-11.873464331959513,-17.066461574597383,-17.225922321152897,-46.292253703199464,9.96849117771495,5.3013209356159985,1.2746699600870433,2.735351592459594,0.739392632633171,5.2428009172896894,-4.951457575516713,-0.8414384470572892,4.013449456846277,10.982695042299365,8.476341336674054,4.622681826586565,9.397408132779383,13.152621251756235,3.330428298898524,5.842032283908639,3.752437860092347,4.461512314871804,1.459507711117472,-3.9758252787580024,3.162422451918813,3.3524081424338057,0.9013639663979132,2.478069575014791,6.128121222236248,0.84143844705729,9.956200848343434,1.5200853676797235,0.9995287968945175,10.315794258621942,1.0739707590214422,10.146033665249975,14.70339277042538,12.414863618839915,-0.7624526358855668,1.012265766119474,11.679796734890267,-0.24981313023391072,-1.9513872806448265,-0.7280812885808976,-1.8266370507627414,0.7280812885808985,-0.4799311854483718,-1.5344694479495535,0.47993118544837293,-1.7665486207752508,-0.04393596764926611,-4.517607341722511,0.043935967649266154,-4.585941904837641,-1.7692347795525867,-1.3863897453124694,-1.9337856309923205,-0.36307064744427225,-1.1064406437755778,6.173310080381997,13.442091699985454,9.247705699022394,-1.4782527785114412,6.896561131620369,-2.790820993293159,-0.08983341656632976,9.987851163090063,8.294830820115598,1.4263358055616517,0.34889287022704424,-0.010388153857856854,10.460666147092782,10.488602186742881,0.014177777217229645,13.286266654811172,5.769952196210972,8.471492076500517,-0.14685385369999307,11.457643016169687,9.332226808559694,4.848017998910752,19.349890170231536,-0.32411437824852574,23.82843631187786,-6.514745096912753,-0.6366205744342056,0.14685385369999276,0.4848567942064289,7.772402412274572
