locus,26
Rv0001,-0.0019485836
Rv0002,0.0015340013
Rv0003,0.0063284675000000006
Rv0004,-0.0033775332000000003
Rv0005,0.00014050760000000002
Rv0006,-0.0011073228
Rv0007,-0.0010815498
Rv0008c,-0.0074455271
Rv0009,0.0058557147
Rv0010c,0.0024425598000000002
Rv0011c,0.0010070183
Rv0012,-0.0044470425
Rv0013,0.0075004357
Rv0014c,-0.0028015234
Rv0015c,-0.0023089313000000003
Rv0016c,-0.0010759025
Rv0017c,0.0002289537
Rv0018c,-0.0018947133
Rv0019c,0.0049030522
Rv0020c,0.0042585624
Rv0021c,-0.0048207412
Rv0022c,-0.0291363636
Rv0023,0.012839878
Rv0024,-0.0049432952
Rv0025,-0.0107451974
Rv0026,0.0032906195
Rv0027,0.0054857691
Rv0028,-0.013690346300000001
Rv0029,-0.0087857101
Rv0030,0.0188526855
Rv0032,-0.0119901526
Rv0033,0.0052715781
Rv0034,0.0062221036
Rv0035,-0.0053916406
Rv0036c,0.0016750959
Rv0037c,0.0114161182
Rv0038,0.0010447004
Rv0039c,0.0028361931
Rv0040c,0.0017249567000000002
Rv0041,0.0026744109
Rv0042c,-0.0051519935
Rv0043c,-0.0117314533
Rv0044c,0.0100305429
Rv0045c,0.0095376986
Rv0046c,0.0140134214
Rv0047c,0.0016755794
Rv0048c,-0.018607882000000003
Rv0049,0.0050245797
Rv0050,-0.0037772104
Rv0051,0.0024927479
Rv0052,-0.0041730151
Rv0053,-0.0051539121000000005
Rv0054,0.006739897700000001
Rv0055,-0.008234585800000001
Rv0056,0.0054825669
Rv0057,-0.00284117
Rv0058,-0.0040826098
Rv0059,-0.0123219551
Rv0060,0.006706776
Rv0061c,-0.0015761555
Rv0062,-0.0087449095
Rv0063,-0.0050124926000000005
Rv0063a,-0.0003942325
Rv0064,0.0026582852
Rv0064A,0.0246708697
Rv0065,-0.006060167500000001
Rv0066c,0.0030372919
Rv0067c,-0.0201286175
Rv0068,0.0083624558
Rv0069c,-0.0005415847
Rv0070c,-0.0085776787
Rv0071,-0.0007611341
Rv0072,0.0017786384
Rv0073,0.0084561043
Rv0074,0.0032142263000000003
Rv0075,0.0107983313
Rv0076c,-0.0206694826
Rv0077c,-0.0028068415
Rv0078,-0.0097663869
Rv0078A,-0.0027231467000000003
Rv0078B,0.0089509689
Rv0079,0.019821445400000002
Rv0080,0.0257045513
Rv0081,0.000604899
Rv0082,-3.1783300000000005e-05
Rv0083,-0.0091799519
Rv0084,-0.011746313100000001
Rv0085,-0.0035248526
Rv0086,-0.0055508474
Rv0087,-0.0251369775
Rv0088,0.0025593109000000003
Rv0089,0.0282307603
Rv0090,-0.0082437963
Rv0091,0.0225617989
Rv0092,-0.0042700955
Rv0093c,0.0008081203000000001
Rv0094c,0.0084505794
Rv0095c,-0.0350533041
Rv0096,-0.0027265729
Rv0097,-0.0122997759
Rv0098,-0.0024857002
Rv0099,-0.0049209612
Rv0100,0.0277760139
Rv0101,0.0044338677
Rv0102,0.0092500476
Rv0103c,0.0044909018000000005
Rv0104,-0.0336204981
Rv0105c,0.0021040272
Rv0106,0.0080596592
Rv0107c,-0.00015531640000000002
Rv0108c,0.0054092477000000005
Rv0109,-0.0056041501
Rv0110,0.0115626578
Rv0111,0.0072865389
Rv0112,-5.0217600000000005e-05
Rv0113,0.0071482337
Rv0114,0.016743332
Rv0115,0.007511056
Rv0115a,0.0011049964
Rv0116c,-0.0009312359000000001
Rv0117,-0.0017611847
Rv0118c,6.93252e-05
Rv0119,0.0017358816
Rv0120c,0.0047916606
Rv0121c,0.0003577111
Rv0122,-0.0056667218
Rv0123,0.0133276073
Rv0124,0.0213284722
Rv0125,0.0019862601
Rv0126,0.0018883315
Rv0127,-0.0038931493
Rv0128,-0.0021971953
Rv0129c,-0.0097254329
Rv0130,-0.0043479113
Rv0131c,0.0087136961
Rv0132c,0.0023780788
Rv0133,-0.013927019300000001
Rv0134,0.0080724154
Rv0135c,-0.002775792
Rv0136,0.0044064928
Rv0137c,0.0106422045
Rv0138,-0.006694761400000001
Rv0139,-0.0011046153
Rv0140,0.0051643174
Rv0141c,0.0065566324
Rv0142,0.0064774247000000005
Rv0143c,-0.0017426394
Rv0144,0.0052895812
Rv0145,0.0022712031
Rv0146,0.0030230247000000003
Rv0147,0.0045129705
Rv0148,-0.00019778770000000002
Rv0149,0.0101278433
Rv0150c,-0.0187526526
Rv0151c,0.0015070355
Rv0152c,-0.0043558456
Rv0153c,-0.0061362854
Rv0154c,0.0092092174
Rv0155,0.0126993743
Rv0156,0.011325330500000001
Rv0157,0.0083635842
Rv0157A,-0.0207567234
Rv0158,0.0174922923
Rv0159c,-0.008684785
Rv0160c,0.0064021068000000006
Rv0161,0.0041265135
Rv0162c,0.0232902826
Rv0163,-0.0021445649
Rv0164,0.0079812561
Rv0165c,0.005765602000000001
Rv0166,0.0059989367000000005
Rv0167,0.0022155432
Rv0168,0.0036371801000000003
Rv0169,0.0071571272
Rv0170,0.0011483791
Rv0171,0.015418920000000001
Rv0172,0.00034919380000000003
Rv0173,0.004959281
Rv0174,0.0073544840000000005
Rv0175,0.0035848384
Rv0176,0.0026705925
Rv0177,-0.00022737470000000002
Rv0178,0.0051379415
Rv0179c,-0.0106737967
Rv0180c,0.0020342059
Rv0181c,-0.00012870820000000002
Rv0182c,0.0020503508
Rv0183,-0.0006653798000000001
Rv0184,0.0043080116
Rv0185,-0.0010689011
Rv0186,0.008031379200000001
Rv0186A,0.0197165651
Rv0187,-0.009335756300000001
Rv0188,0.0071698225
Rv0189c,0.0020779566
Rv0190,0.0066570103
Rv0191,0.0048650713
Rv0192,-0.0018641365000000001
Rv0193c,-0.0030076398
Rv0194,-0.008550055400000001
Rv0195,-0.011099425000000001
Rv0196,0.0139087363
Rv0197,0.011692855
Rv0198c,-0.0024585626000000003
Rv0199,-0.0030027183000000002
Rv0200,-0.0027846495
Rv0201c,-0.0014577976
Rv0202c,-0.0068255931
Rv0203,-0.0029733827
Rv0204c,0.010195411100000001
Rv0205,0.0003061958
Rv0206c,-0.0031090482
Rv0207c,0.0005932876000000001
Rv0208c,-0.0043233467
Rv0209,0.0026896159
Rv0210,0.0032809307000000003
Rv0211,0.0030048125
Rv0212c,-0.0100434665
Rv0213c,0.0115198058
Rv0214,0.0032934830000000003
Rv0216,0.009433082
Rv0217c,0.0014394848
Rv0218,0.0048014864
Rv0219,-0.0091540914
Rv0220,0.00045218950000000004
Rv0221,0.0033150081
Rv0222,0.0098157101
Rv0223c,0.0119739485
Rv0224c,-0.012552776600000001
Rv0225,-0.00034532700000000004
Rv0226c,-0.0088176742
Rv0227c,-0.0002526085
Rv0228,0.0003504264
Rv0229c,-0.0145736903
Rv0230c,-0.0111432347
Rv0231,-0.0013672868
Rv0232,-0.0075332575
Rv0233,-0.0063319742
Rv0234c,-0.0001590394
Rv0235c,0.0039583577
Rv0236c,-0.0095202787
Rv0236A,0.0003125336
Rv0237,-0.0049703235
Rv0238,0.0019231732
Rv0239,0.0057601471
Rv0240,-0.011105199500000001
Rv0241c,-0.024721940100000003
Rv0242c,-0.024230468600000003
Rv0243,-0.0114515152
Rv0244c,0.018260741
Rv0245,0.009801899900000001
Rv0246,-0.007861250200000001
Rv0247c,0.0004438622
Rv0248c,-0.0026724372000000002
Rv0249c,-0.0060274397000000006
Rv0250c,-0.016900092800000002
Rv0251c,-0.0009313201000000001
Rv0252,0.0008028131
Rv0253,-0.0004722799
Rv0254c,-0.0143210877
Rv0255c,0.0132116442
Rv0256c,0.0067518795
Rv0257,-0.00018857040000000002
Rv0258c,-0.004781126100000001
Rv0259c,0.0086360572
Rv0260c,-0.053195909400000005
Rv0261c,-0.0063780787
Rv0262c,-0.011696064400000001
Rv0263c,-0.0115414169
Rv0264c,-0.0122518516
Rv0265c,-0.0005474486000000001
Rv0266c,-0.0045668155
Rv0267,0.019142077400000002
Rv0268c,-0.0086052114
Rv0269c,-0.0031987049
Rv0270,0.0063778757000000005
Rv0271c,0.0076430854
Rv0272c,-0.011041473900000001
Rv0273c,0.010652317000000001
Rv0274,0.0039821556000000004
Rv0275c,-0.0070102983
Rv0276,-0.0018875019
Rv0277c,-0.0017962852
Rv0278c,-0.0081861444
Rv0279c,-0.020315336
Rv0280,-0.0012645071
Rv0281,0.0045665587
Rv0282,0.0010694781
Rv0283,-0.00012924680000000002
Rv0284,-0.010593756900000001
Rv0285,-0.027858562400000002
Rv0286,-0.0055068082
Rv0287,-0.0041731614
Rv0288,0.012553520700000001
Rv0289,0.0052759933
Rv0290,0.008152823600000001
Rv0291,-0.0029641999
Rv0292,-0.0083559694
Rv0293c,-0.0020226576
Rv0294,0.0167029605
Rv0295c,-0.0014200619000000001
Rv0296c,-0.0103395525
Rv0297,0.0011732342
Rv0298,-0.0002210553
Rv0299,-0.0063696311
Rv0300,-0.0005020441
Rv0301,0.0012998943
Rv0302,0.007360627000000001
Rv0303,-0.0066925853000000006
Rv0304c,-0.0029930224000000003
Rv0305c,-0.0014669472
Rv0306,-0.0105793106
Rv0307c,-0.0272950474
Rv0308,0.0022259488
Rv0309,0.0113097146
Rv0310c,-0.0072120073
Rv0311,-0.0045824905
Rv0312,0.0036931189000000003
Rv0313,0.0018790014
Rv0314c,-0.0095320922
Rv0315,-0.0067051614
Rv0316,-0.0104917781
Rv0317c,-0.0023261180000000003
Rv0318c,-0.0090928111
Rv0319,-0.012542700300000001
Rv0320,0.0087458954
Rv0321,-0.011456736
Rv0322,0.0326085137
Rv0323c,0.021486569100000002
Rv0324,0.0071826222000000006
Rv0325,0.0070908816000000005
Rv0326,-0.0084433513
Rv0327c,0.011716064600000001
Rv0328,-0.0008548964
Rv0329c,0.0110397038
Rv0330c,0.0009899912
Rv0331,0.0005561762
Rv0332,0.0132594089
Rv0333,-0.0104815112
Rv0334,0.0006982729
Rv0335c,0.0131161725
Rv0336,0.0091000998
Rv0337c,0.0131857234
Rv0338c,0.0024091804
Rv0339c,-0.0013045206
Rv0340,-0.0016772403
Rv0341,0.019725836
Rv0342,-0.0012297512000000001
Rv0343,-0.0017506898
Rv0344c,0.0380873449
Rv0345,0.019649618900000002
Rv0346c,-0.0035968326
Rv0347,0.0005503190000000001
Rv0348,0.0069167447000000005
Rv0349,0.0157583375
Rv0350,-0.0010307538
Rv0351,-0.0141957786
Rv0352,0.0020857791
Rv0353,-0.015628135
Rv0354c,0.0339847552
Rv0355c,0.0014894458
Rv0356c,0.016134419900000002
Rv0357c,0.011271896200000001
Rv0358,0.0052913481
Rv0359,-0.0190093332
Rv0360c,-0.014145408100000001
Rv0361,0.0057374722000000005
Rv0362,0.009092758500000001
Rv0363c,0.0059850694
Rv0364,0.0072831099
Rv0365c,-0.0042747111
Rv0366c,0.0061406834
Rv0367c,0.0191258639
Rv0368c,-0.0064535807
Rv0369c,0.0270852648
Rv0370c,-0.0096508639
Rv0371c,-0.0765671919
Rv0372c,-0.0049541396
Rv0373c,-0.0011189313
Rv0374c,-0.0108736464
Rv0375c,-0.019305859800000002
Rv0376c,0.0187974367
Rv0377,-0.0036341788000000003
Rv0378,0.028765201
Rv0379,0.0241212167
Rv0380c,0.0174769263
Rv0381c,0.004802439
Rv0382c,-0.0052331672000000004
Rv0383c,0.0024117199
Rv0384c,0.00025143240000000003
Rv0385,-0.011136851500000001
Rv0386,-0.0041037591
Rv0389,-0.013874441900000001
Rv0390,0.016894657100000002
Rv0391,-0.0035321476
Rv0392c,0.013866755900000001
Rv0393,0.0134351747
Rv0394c,0.0084092408
Rv0395,0.0155326534
Rv0396,-0.0068949708000000005
Rv0397,0.0422212914
Rv0397A,0.008643127300000001
Rv0398c,-0.005939797100000001
Rv0399c,0.0096838969
Rv0400c,0.0010633397
Rv0401,-0.0019967101
Rv0402c,0.0051554075000000005
Rv0403c,0.0070762218
Rv0404,-0.0008233555000000001
Rv0405,-0.0079492487
Rv0406c,-0.0073539866
Rv0407,-0.0032317704000000003
Rv0408,-0.0042211345
Rv0409,-0.0056664441
Rv0410c,0.0015527067
Rv0411c,0.0006849878
Rv0412c,0.0070740963
Rv0413,-0.0025758452000000003
Rv0414c,0.0004450348
Rv0415,0.0131877894
Rv0416,-0.0074500341
Rv0417,-0.0069216728000000005
Rv0418,0.0015019998
Rv0419,-0.0010313613
Rv0420c,-0.0071026710000000005
Rv0421c,-0.008929368600000001
Rv0422c,-0.0025599204
Rv0423c,0.0022779891000000003
Rv0424c,0.005619934300000001
Rv0425c,-0.0008129663
Rv0426c,0.0011341398
Rv0427c,0.0044409311
Rv0428c,-0.0061558690000000004
Rv0429c,-0.005629166200000001
Rv0430,-0.0022253791
Rv0431,0.0035175567
Rv0432,-0.0015287861000000001
Rv0433,-0.0034697522
Rv0434,-0.0057658664
Rv0435c,-0.0032587233
Rv0436c,-0.0031487512
Rv0437c,0.0055330498
Rv0438c,0.0012552213
Rv0439c,-0.000466989
Rv0440,0.0045799275
Rv0441c,-0.007973109400000001
Rv0442c,0.0004778795
Rv0443,-0.0105267151
Rv0444c,0.0029231245
Rv0445c,0.0022649076000000002
Rv0446c,-0.0030266101
Rv0447c,-7.658940000000001e-05
Rv0448c,0.0342938209
Rv0449c,-0.0100993058
Rv0450c,-0.004721104
Rv0451c,5.4e-05
Rv0452,-0.0097660956
Rv0453,-0.0011949166
Rv0455c,0.0076488125
Rv0456c,0.00013552870000000002
Rv0456A,0.044615864500000005
Rv0456B,0.0108784624
Rv0457c,0.0016579782000000001
Rv0458,0.0072800434
Rv0459,0.025283308900000002
Rv0460,-0.0067387278
Rv0461,0.007345270300000001
Rv0462,-0.0011199690000000002
Rv0463,0.0068628698
Rv0464c,-0.0068782725
Rv0465c,0.0008844213
Rv0466,-0.0070674321
Rv0467,0.0093292806
Rv0468,-0.0032325363
Rv0469,0.0005239664
Rv0470c,-4.6341900000000004e-05
Rv0470A,-0.0076136992
Rv0471c,-0.0103874755
Rv0472c,-0.0057323037
Rv0473,-0.0018735814000000002
Rv0474,-0.020477736
Rv0475,0.0041595657
Rv0476,-0.002278577
Rv0477,0.0041348487
Rv0478,-0.005977335
Rv0479c,-0.0068641722
Rv0480c,-0.0156152337
Rv0481c,0.0183816422
Rv0482,-0.0097289356
Rv0483,0.0088890284
Rv0484c,-0.0104339729
Rv0485,0.0131132884
Rv0486,-0.0117141128
Rv0487,-0.013146820600000001
Rv0488,0.0085048338
Rv0489,-0.0120979482
Rv0490,0.0044814861
Rv0491,0.0012492550000000001
Rv0492c,0.021919805400000002
Rv0492A,-0.0073065183
Rv0493c,0.0004509063
Rv0494,-0.044115827100000005
Rv0495c,-0.0014588912
Rv0496,0.0052372495
Rv0497,0.0070651281
Rv0498,0.0056393635
Rv0499,-0.010166913000000001
Rv0500,-0.0017251256
Rv0500A,0.008256735000000001
Rv0501,-0.0030197006
Rv0502,-0.0031766469000000003
Rv0503c,0.007966271300000001
Rv0504c,-0.0040257996
Rv0505c,6.86661e-05
Rv0506,-0.007012652800000001
Rv0507,-0.0050650571
Rv0508,-0.0147631598
Rv0509,-0.0006806071
Rv0510,-0.00787853
Rv0511,-0.0035739611
Rv0512,-0.0040910625
Rv0513,-0.0045895043
Rv0514,-0.0182284716
Rv0515,0.0108052394
Rv0516c,0.0023345002000000003
Rv0517,-0.008635697000000001
Rv0518,-0.0062158231
Rv0519c,0.0008716256
Rv0522,-0.010114244100000001
Rv0523c,-0.0070538857
Rv0524,-0.0053839638000000006
Rv0525,-0.0061248401
Rv0526,-0.0096715373
Rv0527,0.0011061146
Rv0528,-0.001672999
Rv0529,0.0003783095
Rv0530,0.0040139957
Rv0530A,-0.0216013741
Rv0531,0.0167629932
Rv0532,-0.0004789535
Rv0533c,0.0057943828
Rv0534c,-0.0170714314
Rv0535,-0.0090842451
Rv0536,0.0197940279
Rv0537c,-0.0015785155000000001
Rv0538,0.0011985802
Rv0539,-9.02811e-05
Rv0540,-0.0198604142
Rv0541c,-0.0025172886
Rv0542c,-0.0060220981000000005
Rv0543c,0.0072109038000000006
Rv0544c,-0.0023670914
Rv0545c,0.0007414225
Rv0546c,-0.0081216024
Rv0547c,-0.00040023580000000003
Rv0548c,0.0018253131
Rv0549c,-0.0035152686
Rv0550c,0.025948030100000002
Rv0551c,0.0106216049
Rv0552,-0.0011734756
Rv0553,0.0025400501
Rv0554,-0.0048345432
Rv0555,-0.0029724937
Rv0556,0.0036160307
Rv0557,0.0205332829
Rv0558,0.0089535176
Rv0559c,0.008166563
Rv0560c,-0.0132499403
Rv0561c,0.0052192256
Rv0562,-0.0036763325
Rv0563,0.0040871568
Rv0564c,0.0023017089000000003
Rv0565c,0.0032428624
Rv0566c,-0.0015977676000000001
Rv0567,-0.0015654013
Rv0568,0.0046723127
Rv0569,0.006410562900000001
Rv0570,-0.0077040557
Rv0571c,0.010831460900000001
Rv0572c,0.0091827945
Rv0573c,0.0027440446
Rv0574c,0.0076839711
Rv0575c,0.00898829
Rv0576,6.944110000000001e-05
Rv0577,0.0126914352
Rv0578c,-0.0106631639
Rv0579,0.0026343664
Rv0580c,-0.0049275641
Rv0581,0.027814661
Rv0582,-0.0105603637
Rv0583c,0.0020633845
Rv0584,-0.0106945232
Rv0585c,-0.0014718074
Rv0586,-0.0143511507
Rv0587,-0.0029490125
Rv0588,-0.0064389831
Rv0589,-0.0044345813000000005
Rv0591,-0.0097885374
Rv0592,0.00013754000000000001
Rv0593,-0.006602857100000001
Rv0594,-0.0102863474
Rv0595c,0.0080016552
Rv0596c,0.0156079623
Rv0597c,0.0051364087
Rv0598c,0.0008953909
Rv0599c,-0.004683762
Rv0600c,0.030938244000000004
Rv0601c,-0.0384578192
Rv0602c,0.0110098925
Rv0603,0.013617195300000001
Rv0604,0.0196598573
Rv0605,-0.0072210736
Rv0607,0.006714589700000001
Rv0608,0.0026529915
Rv0609,-0.0007915859
Rv0609A,0.008216006500000001
Rv0610c,0.0088824446
Rv0611c,0.0056341941
Rv0612,-0.006628078900000001
Rv0613c,-0.0064775104
Rv0614,0.0004679018
Rv0615,-0.0345495352
Rv0616A,0.016528713400000002
Rv0617,0.0171863278
Rv0620,0.0151984934
Rv0621,-0.009994493200000001
Rv0622,0.0071913514000000005
Rv0623,-0.0096645516
Rv0624,-0.014212159
Rv0625c,-0.025042264800000002
Rv0626,0.0397724784
Rv0627,-0.025569467800000002
Rv0628c,-0.0009988485
Rv0629c,0.0047137061
Rv0630c,0.0016502092
Rv0631c,0.008036839700000001
Rv0632c,0.0053894387000000005
Rv0633c,-0.0215411915
Rv0634c,0.0014591026
Rv0634A,0.00011708810000000001
Rv0634B,-0.0106743584
Rv0635,-0.0089557432
Rv0636,-0.0070831526
Rv0637,-0.0016387866000000001
Rv0638,-0.0016535896
Rv0639,0.0044248393
Rv0640,-0.0053815836
Rv0641,0.0026853216000000003
Rv0642c,-0.005666664
Rv0643c,0.0072786138
Rv0644c,-0.0006883104000000001
Rv0645c,0.0088302912
Rv0646c,0.0012522031
Rv0647c,0.0043198946000000005
Rv0648,0.014884372600000001
Rv0649,0.0294039544
Rv0650,-0.0058576236
Rv0651,-0.0029146963
Rv0652,-0.00653859
Rv0653c,0.0005771705000000001
Rv0654,0.0011548624000000001
Rv0655,0.0081496446
Rv0656c,0.0161715511
Rv0657c,-0.0029307464000000003
Rv0658c,-0.0027899635
Rv0659c,0.0034284957
Rv0660c,-0.0240387377
Rv0661c,-0.0126796965
Rv0662c,-0.028624750900000002
Rv0663,0.0058263847
Rv0664,0.033232195
Rv0665,0.0527480426
Rv0666,0.0014044845
Rv0667,0.0038775943
Rv0668,0.0035230847
Rv0669c,0.0068998505000000005
Rv0670,0.0039975559
Rv0671,0.0004796015
Rv0672,0.017186185200000002
Rv0673,0.008792415000000001
Rv0674,0.0034408723000000003
Rv0675,0.006911289300000001
Rv0676c,0.0006821541000000001
Rv0677c,-0.0007731227
Rv0678,0.0106523202
Rv0679c,-0.0124535785
Rv0680c,-0.008017764200000001
Rv0681,-0.0053904566
Rv0682,-0.0060695001
Rv0683,-0.0100783364
Rv0684,-0.0010606612000000001
Rv0685,-0.0023257854
Rv0686,0.0015796442000000001
Rv0687,-0.014640333
Rv0688,0.0045187091000000006
Rv0689c,0.0445984856
Rv0690c,0.004886576
Rv0691c,0.029256642200000002
Rv0691A,-0.0081381519
Rv0692,-0.0042753067
Rv0693,-0.0024066694
Rv0694,0.0041115269
Rv0695,0.0124894722
Rv0696,-0.0032345025
Rv0697,-0.012166010500000001
Rv0698,-0.005838831
Rv0699,1.2628e-05
Rv0700,0.0066025931
Rv0701,-0.0028744962
Rv0702,-0.004905638
Rv0703,-0.0055146272
Rv0704,-0.0046912156000000005
Rv0705,0.0009687563000000001
Rv0706,0.004841317600000001
Rv0707,0.0063559312000000005
Rv0708,-0.0023050617
Rv0709,0.0096785002
Rv0710,0.0077700039
Rv0711,0.0143514326
Rv0712,0.0007358752
Rv0713,-0.0068347872
Rv0714,0.0010208632
Rv0715,-0.0011863399
Rv0716,0.0050278877
Rv0717,-0.0158616541
Rv0718,5.98911e-05
Rv0719,0.0141542277
Rv0720,0.0038238308
Rv0721,0.0038014221
Rv0722,-0.0003714879
Rv0723,0.0029074897000000003
Rv0724,0.0065411373
Rv0725c,-0.0102688428
Rv0726c,-0.0047928797000000006
Rv0727c,0.0029353964
Rv0728c,-0.00024792200000000003
Rv0729,-0.0088899096
Rv0730,-0.003455243
Rv0731c,0.0065950871
Rv0732,-0.0007523191
Rv0733,0.0062108889
Rv0734,0.0067086983000000005
Rv0735,0.0176149452
Rv0736,-0.0007909896000000001
Rv0737,-0.0181948394
Rv0738,-0.0213292408
Rv0739,0.0100987021
Rv0740,0.0097650255
Rv0742,0.005031743500000001
Rv0743c,-0.006241001800000001
Rv0744c,-0.0021906998000000002
Rv0745,0.0177837465
Rv0746,0.012799496700000001
Rv0747,-0.0208324746
Rv0748,-0.035809120300000004
Rv0749,0.013537074100000001
Rv0749A,0.0134911795
Rv0750,-0.008899879000000001
Rv0751c,0.0026991765
Rv0752c,-0.0173732765
Rv0753c,-0.0131285375
Rv0754,-0.0012411959000000001
Rv0755c,-0.0153181558
Rv0756c,-0.008112134200000001
Rv0757,0.0025368886
Rv0758,-0.0037007930000000004
Rv0759c,0.00016697050000000002
Rv0760c,-0.0002402684
Rv0761c,0.0020132422000000002
Rv0762c,0.0024660731
Rv0763c,0.0275594012
Rv0764c,0.012603650800000001
Rv0765c,-0.008882215800000001
Rv0766c,-0.003161047
Rv0767c,0.0140548326
Rv0768,0.0121488493
Rv0769,0.018864246600000002
Rv0770,0.0055647063000000005
Rv0771,0.0027058298
Rv0772,-0.003009827
Rv0773c,-0.0093379797
Rv0774c,0.00348152
Rv0775,0.006763803200000001
Rv0776c,-0.0335428068
Rv0777,0.0013837109
Rv0778,-0.0035631222000000002
Rv0779c,-0.0053907295
Rv0780,-0.0005099406000000001
Rv0783c,-0.0080069639
Rv0784,-0.0175626239
Rv0785,0.0073832487
Rv0786c,-0.0007539899
Rv0787,-0.0091208107
Rv0787A,0.0044084604000000005
Rv0788,-0.0113473017
Rv0789c,-0.0046917546000000004
Rv0790c,-0.0079732514
Rv0791c,-0.0323235016
Rv0792c,-0.013897397700000001
Rv0793,-0.0381952726
Rv0794c,-0.0113521099
Rv0797,-0.014524482600000001
Rv0798c,0.0015610646
Rv0799c,-0.0027448140000000004
Rv0800,-0.0088112089
Rv0801,0.0064274676
Rv0802c,0.0024345948000000003
Rv0803,-0.0014256820000000002
Rv0804,0.0208971882
Rv0805,-0.0047198143
Rv0806c,0.014236611900000001
Rv0807,0.0047342872
Rv0808,-0.0080645282
Rv0809,-0.0042226301
Rv0810c,0.0093604712
Rv0811c,-1.0961200000000001e-05
Rv0812,-0.0133751474
Rv0813c,0.0008213833000000001
Rv0814c,-0.0145394999
Rv0815c,-0.0027304035
Rv0816c,0.0050279384
Rv0817c,0.0014951935
Rv0818,0.0024383033000000003
Rv0819,-0.00790383
Rv0820,-0.0049013028
Rv0821c,-0.0014411947
Rv0822c,-0.0056766117000000005
Rv0823c,0.0047253115
Rv0824c,0.0007481216
Rv0825c,-0.0088150625
Rv0826,-0.0204975089
Rv0827c,-0.028770607
Rv0828c,-0.0030368314
Rv0830,0.010771495300000001
Rv0831c,-0.0065480164
Rv0832,0.009181290600000001
Rv0833,0.0038683606
Rv0834c,-0.025584025700000002
Rv0835,-0.008835913800000001
Rv0836c,0.019622573100000002
Rv0837c,-0.0093183433
Rv0838,-0.0108642159
Rv0839,-0.032386072200000005
Rv0840c,0.0017096433000000002
Rv0841,0.0169695185
Rv0842,0.021699894100000002
Rv0843,0.0112614298
Rv0844c,0.0021720775000000003
Rv0845,0.015316228400000001
Rv0846c,0.0003421918
Rv0847,0.0301175838
Rv0848,0.0051841733
Rv0849,-0.0112707245
Rv0851c,0.0027279434
Rv0852,-0.0017274013
Rv0853c,0.0008395105000000001
Rv0854,-0.0022981188
Rv0855,0.0119896923
Rv0856,0.0036385171
Rv0857,0.0063568431000000005
Rv0858c,-0.0103775767
Rv0859,0.0095546838
Rv0860,0.0101696936
Rv0861c,-0.0043052834
Rv0862c,0.0040446537
Rv0863,-0.0023092228
Rv0864,-0.0034048539
Rv0865,-0.011084851500000001
Rv0866,0.0024011642
Rv0867c,0.009355391900000001
Rv0868c,-0.022083178800000002
Rv0869c,-0.0025283961
Rv0870c,0.0046486577
Rv0871,0.0134007165
Rv0872c,-0.0048605321
Rv0873,0.0064386629
Rv0874c,-0.0086541217
Rv0875c,-0.0013983006
Rv0876c,-0.0035063576
Rv0877,0.006019771100000001
Rv0878c,-0.0181293569
Rv0879c,-0.0019327739000000001
Rv0880,0.011296755700000001
Rv0881,0.011258515600000001
Rv0882,-0.0064809465
Rv0883c,0.0042340629
Rv0884c,0.0081885097
Rv0885,0.0062744485
Rv0886,0.000307632
Rv0887c,0.0134752181
Rv0888,0.011396924400000001
Rv0889c,0.0030352530000000003
Rv0890c,-0.0052045141
Rv0891c,0.0170001155
Rv0892,0.0029223400000000003
Rv0893c,0.0110127073
Rv0894,0.0046173857000000006
Rv0895,-0.0126534791
Rv0896,-0.0030557641
Rv0897c,0.0094609692
Rv0898c,0.0011748971
Rv0899,0.0033565564000000003
Rv0900,-0.0071538104
Rv0901,0.017508298800000002
Rv0902c,0.0027417503
Rv0903c,-0.0134736052
Rv0904c,0.0073206359000000006
Rv0905,0.0015003127
Rv0906,-0.0069080884
Rv0907,0.0009575798
Rv0908,-0.0004465127
Rv0909,-0.0121142205
Rv0910,-0.0017040384
Rv0911,0.0003833012
Rv0912,-0.0085969205
Rv0913c,-0.0067951157
Rv0914c,-0.0019847183
Rv0915c,0.0081459357
Rv0916c,0.0097361414
Rv0917,-0.0049049342
Rv0918,0.0225448265
Rv0919,-0.013156693
Rv0920c,0.0020398753
Rv0921,-0.0087429145
Rv0922,-0.0033262254
Rv0923c,-0.011060677500000001
Rv0924c,-0.0016621147000000001
Rv0925c,0.0085452214
Rv0926c,0.0002154832
Rv0927c,-0.0067896377
Rv0928,-0.0015437048
Rv0929,-0.0007815464000000001
Rv0930,0.0007856264
Rv0931c,0.0045557067
Rv0932c,-0.0018436709
Rv0933,-0.0025486347
Rv0934,0.0020268724
Rv0935,-0.0026333873
Rv0936,-0.013542346600000001
Rv0937c,0.0110718644
Rv0938,-0.0018110191000000001
Rv0939,-0.0013708512
Rv0940c,0.0180324411
Rv0941c,-0.0001893105
Rv0942,-0.019368241300000002
Rv0943c,0.0023343971000000002
Rv0944,-0.0197074762
Rv0945,-0.012615764100000001
Rv0946c,-0.002403683
Rv0948c,-0.0188522931
Rv0949,-0.0020205202
Rv0950c,0.010044566100000001
Rv0951,0.0088723505
Rv0952,0.0001222346
Rv0953c,-0.024405289700000003
Rv0954,0.0078614527
Rv0955,-0.0019476168000000002
Rv0956,-0.007359383000000001
Rv0957,-0.0035832465
Rv0958,0.008574892
Rv0959,-0.0049623987000000005
Rv0959A,0.0004032079
Rv0960,-0.0169898083
Rv0961,0.0017996085
Rv0962c,-0.0137012464
Rv0963c,0.019639423700000002
Rv0964c,-0.0055154129
Rv0965c,0.010778132400000001
Rv0966c,0.0009943212000000001
Rv0967,-0.0025755475000000002
Rv0968,-0.0031536732
Rv0969,0.0011120195
Rv0970,0.012394629400000001
Rv0971c,0.051165799000000005
Rv0972c,0.0107031657
Rv0973c,0.0042414390000000005
Rv0974c,-0.0131274445
Rv0975c,-0.0198742464
Rv0976c,-0.0024975815
Rv0977,-0.0118652949
Rv0978c,-0.0029871375
Rv0979c,0.0214175269
Rv0979A,-0.0023228108
Rv0980c,-0.005018893500000001
Rv0981,0.0048840861
Rv0982,0.0001849787
Rv0983,0.0040329081000000004
Rv0984,-0.0010243378
Rv0985c,0.021527859700000002
Rv0986,-0.0068988666
Rv0987,-0.0011778153000000001
Rv0988,0.0062439575
Rv0989c,-0.0053031014
Rv0990c,0.0183913156
Rv0991c,0.0202944702
Rv0992c,-0.0256785361
Rv0993,0.0029340205
Rv0994,0.0100630848
Rv0995,0.0051275687000000006
Rv0996,0.0073243563
Rv0997a,-0.0005365509
Rv0997,0.0021731376
Rv0998,-0.0021494117
Rv0999,-0.0165677664
Rv1000c,-0.0032141551000000003
Rv1001,-0.0049915142
Rv1002c,-0.0015206552
Rv1003,0.0008582409
Rv1004c,0.0005222638
Rv1005c,0.0041380757
Rv1006,0.011606725
Rv1007c,0.0010738309
Rv1008,0.014095746400000001
Rv1009,0.00032571790000000003
Rv1010,-0.0015806476000000001
Rv1011,-0.0071951752
Rv1012,-0.014446390100000001
Rv1013,0.0127920068
Rv1014c,0.0071859749
Rv1015c,-0.0005749973
Rv1016c,-0.0013198932
Rv1017c,-0.007426785700000001
Rv1018c,-0.0010089522
Rv1019,0.0006727196
Rv1020,0.0003469126
Rv1021,-0.003730652
Rv1022,0.0101254997
Rv1023,0.0100886984
Rv1024,0.0017736960000000002
Rv1025,0.0081173149
Rv1026,-0.0126729799
Rv1027c,-0.0063951252
Rv1028c,0.0025144665
Rv1028A,-0.0157784375
Rv1029,0.0092178087
Rv1030,0.0035614468
Rv1031,0.0037677688
Rv1032c,-0.0011335596000000001
Rv1033c,-0.0098103922
Rv1037c,-0.014097387000000001
Rv1038c,-0.014243013
Rv1039c,-0.0386549182
Rv1040c,-0.054963609000000004
Rv1041c,-0.0110963174
Rv1042c,-0.0221193387
Rv1043c,-0.0088151806
Rv1044,0.0020750267
Rv1045,8.96239e-05
Rv1047,0.010273726700000001
Rv1048c,0.009022003800000001
Rv1049,-0.0032931864
Rv1050,0.0161179043
Rv1051c,0.0266075934
Rv1052,0.009243341700000001
Rv1056,0.00038797230000000004
Rv1057,-0.0124902949
Rv1058,-0.009823861500000001
Rv1059,-0.0187192044
Rv1060,-0.0091201058
Rv1061,0.0050543992
Rv1062,-0.01463203
Rv1063c,0.0096438826
Rv1064c,0.0073654937000000005
Rv1065,-0.002571209
Rv1066,-0.0010109891
Rv1067c,-0.0105561282
Rv1068c,-0.0212888715
Rv1069c,0.0056219192000000005
Rv1070c,0.0018086203
Rv1071c,0.002398252
Rv1072,-0.0006440363000000001
Rv1073,0.00026307990000000003
Rv1074c,0.0021264631
Rv1075c,-0.0317208516
Rv1076,-0.0019184778
Rv1077,0.0036981475000000003
Rv1078,0.0018056189
Rv1079,0.0002054291
Rv1080c,0.0076506382000000005
Rv1081c,-0.0048938407
Rv1082,0.0074505648
Rv1083,0.0068157757
Rv1084,0.0021300424
Rv1085c,-0.0085018965
Rv1086,0.0040335086
Rv1087,-0.0068428306000000005
Rv1088,0.0020534972
Rv1088a,0.010072556
Rv1091,-0.0108331907
Rv1092c,-0.0008838978000000001
Rv1093,0.0072635379
Rv1094,0.0137382743
Rv1095,0.0037631361000000003
Rv1096,-0.0073263938
Rv1097c,0.0023931541000000002
Rv1098c,-0.004234108
Rv1099c,-0.0015980402
Rv1100,0.0012693405
Rv1101c,0.0070711355
Rv1102c,0.0046019927
Rv1103c,0.0163631913
Rv1106c,-0.0013606846
Rv1107c,0.0011303586000000001
Rv1108c,-0.0140637889
Rv1109c,-0.0030332615
Rv1110,0.0033735740000000003
Rv1111c,0.0049027678
Rv1112,0.0028760829
Rv1113,0.0026676758000000003
Rv1114,0.0004803963
Rv1115,-0.0118866925
Rv1116,-0.0023353545
Rv1117,0.0008270407
Rv1118c,-0.0222467218
Rv1119c,-0.0109860476
Rv1120c,0.0019016741000000002
Rv1121,-0.0080478164
Rv1122,0.0001255092
Rv1123c,-0.0022113504
Rv1124,-0.0008679898000000001
Rv1125,0.0028116681000000003
Rv1126c,-0.0061689485
Rv1127c,-0.0001992912
Rv1128c,0.0098618273
Rv1129c,0.008194299700000001
Rv1130,0.0147865982
Rv1131,-0.0083457402
Rv1132,0.0016373452
Rv1133c,7.2925e-06
Rv1134,-0.004480261
Rv1135c,-0.0101072257
Rv1138a,-0.0358304121
Rv1138c,0.018330092000000003
Rv1139c,0.0015914531
Rv1140,0.0001537529
Rv1141c,-0.010120789
Rv1142c,0.004797759600000001
Rv1143,-0.0101029634
Rv1144,-0.0029958834
Rv1145,-0.0012725865
Rv1146,0.0038519590000000003
Rv1147,0.0020836004000000003
Rv1148c,-0.007288272300000001
Rv1149,-0.0035578694
Rv1151c,-0.0119178593
Rv1152,0.0019004877
Rv1153c,-0.0159565663
Rv1154c,-0.0036932285
Rv1155,-0.007144574000000001
Rv1155a,-0.0431238815
Rv1156,0.0025204073000000002
Rv1157c,-0.0052091497
Rv1158c,-0.0049580792
Rv1159,-0.0053306972
Rv1159A,-0.010091819200000001
Rv1160,-0.0160934484
Rv1161,0.0042395411
Rv1162,0.0011529275
Rv1163,-0.0038281623
Rv1164,-0.0092223791
Rv1165,-0.0002707829
Rv1166,-0.0001965394
Rv1167c,-0.0103144507
Rv1168c,-0.011476162600000001
Rv1169c,0.0058877963
Rv1170,-0.0088146047
Rv1171,0.0030374322
Rv1172c,-0.004118155
Rv1173,0.0014157573
Rv1174c,0.0034459552
Rv1175c,0.0070745444000000005
Rv1176c,0.0005538544
Rv1177,0.0049031212
Rv1178,-0.0033811605
Rv1179c,-0.0039889105
Rv1180,0.0035462677000000003
Rv1181,0.0050883363
Rv1182,0.0168665699
Rv1183,0.011030141200000001
Rv1184c,0.009639140400000001
Rv1185c,-0.0019075551
Rv1186c,-0.0241740029
Rv1187,-0.013088475
Rv1188,-0.0270254208
Rv1189,-0.008260073100000001
Rv1190,0.0019114020000000002
Rv1191,-0.009364598
Rv1192,-0.0060417465
Rv1193,-0.0070445441
Rv1194c,-0.0018959703
Rv1195,0.0042236198
Rv1196,0.0124438981
Rv1197,-0.0035419725
Rv1198,-0.0003963342
Rv1199c,0.0050955929
Rv1200,0.0020150583000000002
Rv1201c,-0.0032818446
Rv1202,0.0013551948
Rv1203c,-0.0103149687
Rv1204c,-0.014428364800000001
Rv1205,-0.0002224023
Rv1206,-0.0028364833
Rv1207,-0.0002212337
Rv1208,0.0111182502
Rv1209,-0.0010832956
Rv1210,-0.0112406242
Rv1211,0.009192537
Rv1212c,0.0021230553
Rv1213,0.0034049655
Rv1214c,-0.0047308972000000005
Rv1215c,0.0011480524
Rv1216c,-0.006009384600000001
Rv1217c,0.0034647965
Rv1218c,-0.0033137862
Rv1219c,-0.0066542929
Rv1220c,-0.0028755216
Rv1221,0.0089805269
Rv1222,-0.0028930338
Rv1223,0.0050945536
Rv1224,-0.0024693726000000003
Rv1225c,-0.0090505037
Rv1226c,0.0055920657
Rv1227c,-0.0293925397
Rv1228,-0.017902102700000002
Rv1228a,0.0293594498
Rv1229c,0.0001029497
Rv1230c,0.0122442685
Rv1231c,-0.0016374673
Rv1232c,-0.0067965204000000005
Rv1233c,-0.016762789
Rv1234,0.0035928243
Rv1235,0.0038135703
Rv1236,-0.0201685221
Rv1237,0.0019843077
Rv1238,-0.0002839032
Rv1239c,-0.008646068
Rv1240,-0.0029728972
Rv1241,-0.0052154484
Rv1242,-0.0083225982
Rv1243c,-0.0095470854
Rv1244,0.0095419484
Rv1245c,0.006346716400000001
Rv1246c,0.0090637225
Rv1247c,-0.0103225257
Rv1248c,0.0017880937000000002
Rv1249c,-0.005784493700000001
Rv1250,-0.0047229431
Rv1251c,-0.0036244714000000003
Rv1252c,-0.0046205441
Rv1253,0.0013217821000000001
Rv1254,0.0045638028
Rv1255c,0.0061459972
Rv1256c,0.0101016223
Rv1257c,-0.0094163098
Rv1258c,0.0081635399
Rv1259,0.0057566682000000004
Rv1260,0.0002436273
Rv1261c,0.000290652
Rv1262c,0.0026930008
Rv1263,0.007423337
Rv1264,0.0033047779
Rv1265,-0.007134805300000001
Rv1266c,-5.55309e-05
Rv1267c,0.0001668102
Rv1268c,-0.018578176300000002
Rv1269c,0.0036487894
Rv1270c,0.0058285649
Rv1271c,0.0119142553
Rv1272c,-0.0051516264
Rv1273c,0.0034095434000000003
Rv1274,-0.0049633932
Rv1275,0.0058109945000000005
Rv1276c,0.0071482863
Rv1277,0.0041678821
Rv1278,0.0069862347
Rv1279,0.00010511670000000001
Rv1280c,-0.0008279852
Rv1281c,-0.0011621684
Rv1282c,0.0079133373
Rv1283c,-0.0024011185
Rv1284,-0.0054015775
Rv1285,-0.0145336087
Rv1286,-0.0016239488000000001
Rv1287,0.002763213
Rv1288,0.0094780704
Rv1289,0.0097505086
Rv1290c,-0.005459731000000001
Rv1290A,-0.0341198769
Rv1291c,-0.0043735932
Rv1292,0.0005714072
Rv1293,-0.0011538192
Rv1294,-8.309120000000001e-05
Rv1295,0.0047387304
Rv1296,0.0014268947
Rv1297,0.0173816194
Rv1298,0.0051474474000000004
Rv1299,-0.0039189173
Rv1300,0.0008984439
Rv1301,-0.0027199479
Rv1302,0.0016394078000000001
Rv1303,-0.0110824164
Rv1304,-0.0062291902
Rv1305,-0.0010717705
Rv1306,0.003814645
Rv1307,6.36382e-05
Rv1308,0.0030259531
Rv1309,0.0040412844
Rv1310,0.0027846853
Rv1311,0.003344502
Rv1312,-0.0082631752
Rv1313c,-0.0011562225
Rv1314c,0.0023102511
Rv1315,-0.0051299385
Rv1316c,0.0243552135
Rv1317c,0.005760519
Rv1318c,0.00768854
Rv1319c,0.0074229695
Rv1320c,0.0030166376
Rv1321,0.01010197
Rv1322,-0.0015088031
Rv1322A,0.0018017125
Rv1323,-0.0001892207
Rv1324,0.0033496917
Rv1325c,0.0156612224
Rv1326c,0.0029234449
Rv1327c,-0.0056674945
Rv1328,0.0048569717000000005
Rv1329c,0.007980624700000001
Rv1330c,0.0021115946000000003
Rv1331,-0.0129690738
Rv1332,-0.0032411027000000003
Rv1333,-0.0033780484
Rv1334,0.0030828344
Rv1335,-0.0071469606
Rv1336,-0.0012518957
Rv1337,0.0009580542
Rv1338,-0.0065894136
Rv1339,0.005836641
Rv1340,0.0016219245
Rv1341,-0.007308464200000001
Rv1342c,-0.0216075861
Rv1343c,-0.0320853817
Rv1344,0.0001579257
Rv1345,-0.0053519615
Rv1346,-0.0040394827
Rv1347c,-0.0241035429
Rv1348,-0.001247747
Rv1349,0.0036926142
Rv1350,-0.0041344
Rv1351,-0.004106163
Rv1352,0.0089897684
Rv1353c,0.0119277668
Rv1354c,-0.0085155566
Rv1355c,-0.0120873816
Rv1356c,-0.021272142900000002
Rv1357c,-0.049590452300000004
Rv1358,-0.0011720705
Rv1359,0.0120023859
Rv1360,0.0020712702
Rv1361c,0.020053959200000002
Rv1362c,-0.0126860002
Rv1363c,-0.0111826682
Rv1364c,0.0058011643
Rv1365c,0.0007004424
Rv1366,-0.0069188781
Rv1366A,-0.0066907647
Rv1367c,-0.0040582373
Rv1368,0.0068806099
Rv1371,-0.0299572717
Rv1372,0.0113121861
Rv1373,-0.026198148600000002
Rv1374c,0.0191248956
Rv1375,-0.0037371287
Rv1376,-0.0041984365000000004
Rv1377c,0.009191762000000001
Rv1378c,-0.0022510216
Rv1379,-0.008364028800000001
Rv1380,-0.0032216893
Rv1381,0.0073264337
Rv1382,0.0099126516
Rv1383,0.0036169409000000002
Rv1384,0.0072643545
Rv1385,0.0345709648
Rv1386,-0.0033425424
Rv1387,0.0078271047
Rv1388,0.0019779976
Rv1389,-0.0025710919
Rv1390,0.0053959431
Rv1391,0.0140127998
Rv1392,0.0050415867000000005
Rv1393c,0.0021570386
Rv1394c,-0.019552557300000002
Rv1395,-0.0091607806
Rv1396c,-0.015231217600000001
Rv1397c,0.0040896787
Rv1398c,0.0056972704
Rv1399c,-0.0005243231
Rv1400c,0.0011248258000000001
Rv1401,0.0007382442000000001
Rv1402,0.0038673251
Rv1403c,0.0444684049
Rv1404,-0.0098815511
Rv1405c,-0.0084897121
Rv1406,-0.0076096799
Rv1407,-0.0040018756
Rv1408,0.0065510755000000006
Rv1409,-0.00039563040000000003
Rv1410c,-0.0051670607
Rv1411c,-0.0015132980000000002
Rv1412,0.0090257461
Rv1413,-0.0093564709
Rv1414,0.0127041298
Rv1415,-0.0023641153
Rv1416,-0.0024901935
Rv1417,-0.0098643981
Rv1418,-0.011525312900000001
Rv1419,-0.0046123577
Rv1420,-0.0059862703
Rv1421,-0.001372788
Rv1422,0.0024257895
Rv1423,0.0019803807
Rv1424c,-0.0075074224
Rv1425,0.0024837134
Rv1426c,-0.009008664000000001
Rv1427c,-0.0017607609
Rv1428c,-0.0003817822
Rv1429,-0.0127308173
Rv1430,-0.0050890249
Rv1431,0.0026768369
Rv1432,-0.024528199100000002
Rv1433,-0.0072751115000000005
Rv1434,-0.028171449100000003
Rv1435c,-0.0005999027
Rv1436,-0.0029020712
Rv1437,0.0039265035
Rv1438,0.0070519501
Rv1439c,0.0064671308
Rv1440,-0.0032654396
Rv1441c,-0.007914165
Rv1442,0.0008136871
Rv1443c,0.0050767169
Rv1444c,0.010199057000000001
Rv1445c,-0.0081133843
Rv1446c,0.0022575213000000003
Rv1447c,0.0025807286000000002
Rv1448c,-0.005540166
Rv1449c,0.0002681581
Rv1450c,0.0023393598
Rv1451,0.0014183555
Rv1452c,0.0007314733000000001
Rv1453,-0.0064236952
Rv1454c,0.008085818600000001
Rv1455,-0.0084111476
Rv1456c,0.0047860212
Rv1457c,0.005193746
Rv1458c,-0.008268154
Rv1459c,-0.0028221834
Rv1460,-0.0028898796
Rv1461,0.0020496724
Rv1462,0.0059289179000000004
Rv1463,0.0055723215000000005
Rv1464,0.0013806677000000002
Rv1465,0.0003974625
Rv1466,0.00026520520000000003
Rv1467c,0.007632560700000001
Rv1468c,0.0055480875
Rv1469,-0.0013276571000000001
Rv1470,0.0014270185000000001
Rv1471,-0.013484530100000001
Rv1472,0.0010525130000000001
Rv1473,-0.0026502586
Rv1473A,-0.007198936600000001
Rv1474c,0.0075487226
Rv1475c,0.0090973695
Rv1476,0.0041394249
Rv1477,0.0034028467
Rv1478,0.006702956800000001
Rv1479,-0.0041878132
Rv1480,0.0015059049
Rv1481,-0.0128627111
Rv1482c,0.04285799
Rv1483,0.0010481293
Rv1484,0.0091143861
Rv1485,-6.56307e-05
Rv1486c,0.0047904379000000006
Rv1487,-0.0038107459000000002
Rv1488,0.0071302595000000005
Rv1489,-0.0012808641
Rv1489A,0.0013780910000000001
Rv1490,-0.0062020062
Rv1491c,0.0043881216
Rv1492,-0.0001456285
Rv1493,-0.0010300843
Rv1494,0.0011638922
Rv1495,-0.0165325815
Rv1496,0.009347381
Rv1497,-0.007835621400000001
Rv1498c,-0.0037979643
Rv1498A,0.0011727548
Rv1499,0.004102688
Rv1500,-0.0048403648
Rv1501,0.0021163882
Rv1502,-0.0025937641
Rv1505c,0.012717228300000001
Rv1506c,0.0013155996
Rv1507c,0.0053036231
Rv1507A,0.0067393894
Rv1508c,0.00392067
Rv1508A,0.0054443085
Rv1509,-0.0088238067
Rv1510,0.0065095586000000006
Rv1511,-0.0031007357
Rv1512,-0.0098121371
Rv1513,-0.0076734673
Rv1514c,-0.0115798894
Rv1515c,-0.0039627965
Rv1516c,-0.0033647826
Rv1517,-0.0034226825
Rv1518,0.0131402961
Rv1519,-0.0063667197000000005
Rv1520,-0.0197742411
Rv1521,-0.0034188139
Rv1522c,-0.0064395943
Rv1523,-0.01009164
Rv1524,-0.0081437743
Rv1525,0.0020224483
Rv1526c,-0.0021579701
Rv1527c,-0.0011001537
Rv1528c,-0.011467799
Rv1529,0.006927933900000001
Rv1530,-0.0132083676
Rv1531,0.0042054497
Rv1532c,0.0030461107
Rv1533,-0.007325485200000001
Rv1534,-0.0162737718
Rv1535,-0.0006568974000000001
Rv1536,-0.001524621
Rv1537,-0.0070510016000000005
Rv1538c,0.0022450412
Rv1539,0.0022172722000000002
Rv1540,-0.0088365551
Rv1541c,-0.006883334200000001
Rv1542c,-0.0187423462
Rv1543,-0.0085194712
Rv1544,0.0050662591000000005
Rv1545,-0.007109321
Rv1546,0.0040619078
Rv1547,1.4038e-05
Rv1548c,-0.0040249142
Rv1550,-0.0057156965
Rv1551,-0.015334323
Rv1552,-0.0114067618
Rv1553,-0.031593351
Rv1554,-0.0656207669
Rv1555,-0.0046125994
Rv1556,0.0048157954000000005
Rv1557,0.0005423719
Rv1558,0.0008530187
Rv1559,0.0063559851
Rv1560,0.0134703057
Rv1561,-0.012114562300000001
Rv1562c,-0.0059140328
Rv1563c,-0.0043623441
Rv1564c,-0.000702454
Rv1565c,0.0003207881
Rv1566c,-0.0060454625
Rv1567c,0.01833185
Rv1568,0.0015752426000000001
Rv1569,-0.0081730211
Rv1570,0.0023111683000000003
Rv1571,-0.0132494988
Rv1573,-0.0045397967
Rv1574,-0.0010624429000000001
Rv1575,0.027708440600000002
Rv1576c,-0.014933956000000002
Rv1577c,-0.014019717000000001
Rv1578c,0.0010142801
Rv1579c,0.0258555138
Rv1580c,-0.0094589806
Rv1581c,0.0246333605
Rv1582c,0.0027915618
Rv1583c,-0.0287147817
Rv1584c,-0.0031341467000000002
Rv1585c,0.016029722700000002
Rv1586c,0.0162264244
Rv1587c,0.0246331274
Rv1588c,-0.0016817759
Rv1589,-0.0102894525
Rv1590,-0.0123094447
Rv1591,0.0038902582000000002
Rv1592c,0.0125308031
Rv1593c,-0.0157259308
Rv1594,0.0061382826
Rv1595,0.0016724317
Rv1596,0.0085479953
Rv1597,0.0050256934000000005
Rv1598c,-0.0007305743
Rv1599,0.0067784614000000005
Rv1600,-0.0065754902
Rv1601,-0.0029959243
Rv1602,-0.0075006832
Rv1603,-0.0044514119000000005
Rv1604,-0.0066088044
Rv1605,0.0012111838
Rv1606,-0.0030633287
Rv1607,-0.015292993500000001
Rv1608c,-0.0003905564
Rv1609,0.0025906506
Rv1610,0.0034007448
Rv1611,-0.0094166801
Rv1612,-0.0053223735
Rv1613,-0.0105819161
Rv1614,-0.0086561717
Rv1615,-0.0024478171
Rv1616,0.0059458257
Rv1617,-0.0021575288
Rv1618,-0.004570528700000001
Rv1619,0.0017053993000000001
Rv1620c,0.0006463419
Rv1621c,-0.0031819299000000003
Rv1622c,0.0113790109
Rv1623c,0.0037035141000000002
Rv1624c,0.0027561308
Rv1625c,-0.0059917373
Rv1626,-0.0020899059000000003
Rv1627c,-0.0147946113
Rv1628c,0.0071892181
Rv1629,-0.0006425334000000001
Rv1630,-0.0040854292
Rv1631,-0.0016618567
Rv1632c,0.0140409945
Rv1633,-0.0013477024
Rv1634,0.0084505222
Rv1635c,0.0008304950000000001
Rv1636,-0.006027054600000001
Rv1637c,-0.0118953662
Rv1638,-0.0019128123000000002
Rv1638A,0.0025907338000000003
Rv1639c,-0.0030912089
Rv1640c,-0.0057542379000000005
Rv1641,-0.0001926965
Rv1642,-0.009414925400000001
Rv1643,0.0010024292
Rv1644,0.003375316
Rv1645c,0.0002486612
Rv1646,0.0009106678
Rv1647,0.0077824078
Rv1648,-0.007440027100000001
Rv1649,-0.0122438649
Rv1650,-0.0056721933
Rv1651c,-0.0014849185
Rv1652,-0.0021336793
Rv1653,-0.0082640121
Rv1654,0.013042799400000001
Rv1655,-0.0001674032
Rv1656,-0.0017182315000000001
Rv1657,0.0186463399
Rv1658,0.0122899927
Rv1659,-0.0084169757
Rv1660,0.0022630987
Rv1661,-0.0026851733
Rv1662,0.006160583900000001
Rv1663,0.0070334788
Rv1664,0.0032914436
Rv1665,-0.0036663826
Rv1666c,-0.013402483500000001
Rv1669,0.012618216000000002
Rv1670,0.0054895765
Rv1671,-0.013082193300000001
Rv1672c,-0.0014573937
Rv1673c,-0.0133041076
Rv1674c,0.0219037001
Rv1675c,0.0178976664
Rv1676,0.006369177
Rv1677,0.0007136777
Rv1678,0.0057157349
Rv1679,0.0098789351
Rv1680,-0.004974467000000001
Rv1681,0.0048484509000000005
Rv1682,0.0029181363
Rv1683,-0.0040018597
Rv1684,-0.0080352984
Rv1685c,-0.0002224228
Rv1686c,-0.011047156
Rv1687c,-0.0046484482
Rv1688,0.0276618468
Rv1689,-0.016988073
Rv1690,0.0065489046000000006
Rv1691,0.0049727649
Rv1692,-0.000836976
Rv1693,-0.0011385395
Rv1694,-0.0035819212
Rv1695,-0.0012321264
Rv1696,-0.0042970602
Rv1697,0.000702158
Rv1698,0.0037367806
Rv1699,0.0093516545
Rv1700,0.0024221956
Rv1701,-0.0026341393000000003
Rv1702c,0.008271987
Rv1703c,-0.0037363386000000003
Rv1704c,-0.0018854374000000001
Rv1705c,0.0121091806
Rv1706c,0.013990870400000001
Rv1706A,-0.0092228634
Rv1707,0.0049673261
Rv1708,-0.0021938651
Rv1709,-0.0113900566
Rv1710,-0.0067015523
Rv1711,0.007354632000000001
Rv1712,0.0070732451
Rv1713,0.004796383
Rv1714,0.0064164818
Rv1715,0.0127911842
Rv1716,0.026968860100000002
Rv1717,0.0290246023
Rv1718,-0.0195667064
Rv1719,-0.0179415641
Rv1720c,0.0066921321
Rv1721c,-1.63928e-05
Rv1722,-0.0092728041
Rv1723,-0.004028223
Rv1724c,-0.0027328883000000003
Rv1725c,-0.00223697
Rv1726,-0.0009825969
Rv1727,-0.0197021216
Rv1728c,-0.0038753361
Rv1729c,-0.0070460718
Rv1730c,-0.0021866964000000003
Rv1731,0.0068955203
Rv1732c,0.0072392601
Rv1733c,0.0049278625000000005
Rv1734c,0.0257226556
Rv1735c,-0.0093207037
Rv1735a,-0.0174551842
Rv1736c,0.0013885522
Rv1737c,-0.018696590500000002
Rv1738,0.0053451689
Rv1739c,0.0034845204
Rv1740,-0.0197921074
Rv1741,0.0003590509
Rv1742,-0.0078774184
Rv1743,-0.008352279800000001
Rv1744c,0.0029106553
Rv1745c,-0.0398809126
Rv1746,0.0017900454
Rv1747,-0.0048293161
Rv1748,-0.015171515200000001
Rv1749c,0.0042267371
Rv1750c,-0.0056100301
Rv1751,0.0022841572000000003
Rv1752,-0.0003412731
Rv1753c,-0.0006157686
Rv1754c,-0.0063214586000000005
Rv1758,0.0011439311
Rv1759c,-0.008258761600000001
Rv1760,-0.005961709700000001
Rv1761c,-0.0211098744
Rv1762c,0.0118258949
Rv1765c,-0.0029663048
Rv1766,-0.0016673375
Rv1767,0.0051300261
Rv1768,-0.0092457726
Rv1769,0.0024476219
Rv1770,-0.0060922457
Rv1771,0.0052537465
Rv1772,0.006126179000000001
Rv1773c,-0.017326776500000002
Rv1774,0.00019287350000000002
Rv1775,0.0067312872
Rv1776c,0.0128595411
Rv1777,0.0039458959
Rv1778c,0.0191091415
Rv1779c,0.0058445617000000005
Rv1780,-0.0037817502
Rv1781c,0.0055228616
Rv1782,0.0128364997
Rv1783,0.0100848708
Rv1785c,-0.009592223
Rv1786,-0.0027697526
Rv1787,0.0028996039
Rv1788,-0.0009271782
Rv1789,-0.0016993580000000002
Rv1790,0.0117965399
Rv1791,0.0052155785
Rv1793,0.0082967313
Rv1794,-0.0006006451
Rv1795,-0.0014774549
Rv1796,0.006979212
Rv1797,0.0090663084
Rv1798,0.0036990745000000003
Rv1799,0.0035273804000000002
Rv1800,-0.0088472179
Rv1801,-0.0069700776
Rv1802,-0.0157576585
Rv1803c,0.0004446861
Rv1804c,0.0374470882
Rv1805c,-0.0330091011
Rv1806,0.017983782
Rv1808,0.006410013500000001
Rv1809,0.002375433
Rv1810,0.0054042007
Rv1811,0.0037126549
Rv1812c,0.0032135220000000003
Rv1813c,0.0178710116
Rv1814,0.0050148223
Rv1815,0.0008561816
Rv1816,-0.010681627400000001
Rv1817,-0.0001657704
Rv1818c,-0.0073552432
Rv1819c,0.0015607561
Rv1820,-0.0006450488
Rv1821,-0.0047968617
Rv1822,-0.0012974345
Rv1823,0.0018731461
Rv1824,0.0010271579
Rv1825,0.0017068484
Rv1826,-0.0059890762
Rv1827,-0.003400272
Rv1828,-0.0018481394
Rv1829,-0.0023893723
Rv1830,0.0027666294
Rv1831,0.0039508919000000005
Rv1832,0.007196793900000001
Rv1833c,0.0037895788000000003
Rv1834,-0.0168992566
Rv1835c,0.0029719991
Rv1836c,-0.0014896003
Rv1837c,-0.0040519755
Rv1838c,0.0017045934
Rv1839c,0.0131722343
Rv1840c,-0.0123849929
Rv1841c,0.001420012
Rv1842c,-6.19843e-05
Rv1843c,0.0006224706000000001
Rv1844c,-0.0031473562
Rv1845c,-0.0007506367000000001
Rv1846c,-0.002303294
Rv1847,0.0117748361
Rv1848,-0.0078381343
Rv1849,-0.0121525411
Rv1850,0.0045208633000000005
Rv1851,-0.0050247092000000005
Rv1852,0.0104228911
Rv1853,-0.0183490321
Rv1854c,-0.0026013760000000003
Rv1855c,-0.0033807493000000003
Rv1856c,0.0027635102
Rv1857,0.010175164700000001
Rv1858,0.0121336327
Rv1859,0.0059850209000000005
Rv1860,0.011455140800000001
Rv1861,-0.0066804826
Rv1862,0.0008499748
Rv1863c,0.001766877
Rv1864c,-0.012526016400000001
Rv1865c,-0.0112376156
Rv1866,-0.0015568407000000001
Rv1867,0.0073446836000000005
Rv1868,0.0010923457
Rv1869c,-0.006721164000000001
Rv1870c,0.0052277299
Rv1871c,0.0107972237
Rv1872c,-0.0016009263
Rv1873,0.012200552
Rv1874,0.008170463000000001
Rv1875,-0.0121067463
Rv1876,-0.0036068198
Rv1877,-0.008439616700000001
Rv1878,-0.0023459359000000003
Rv1879,-0.008562319300000001
Rv1880c,-0.0076300165000000005
Rv1881c,5.7785100000000003e-05
Rv1882c,-0.0035654360000000004
Rv1883c,0.0014029250000000002
Rv1884c,0.0008088464
Rv1885c,0.0200996454
Rv1886c,0.0088417009
Rv1887,0.0046460284
Rv1890c,-0.015148346000000002
Rv1891,-0.0027154801
Rv1892,0.0048512112
Rv1893,0.0049578973
Rv1894c,-0.0003914195
Rv1895,-0.0059465701000000004
Rv1896c,-0.0039669629
Rv1897c,-0.0294045239
Rv1898,0.0036692147000000003
Rv1899c,0.0006949207
Rv1900c,-0.0026337712
Rv1901,-0.004861797
Rv1902c,0.00037197200000000004
Rv1903,0.011759334100000001
Rv1904,-0.0067678892
Rv1905c,0.0079823146
Rv1906c,-0.0036991565
Rv1907c,0.0088186577
Rv1908c,0.0236389769
Rv1909c,0.0056898173
Rv1910c,0.007261046100000001
Rv1911c,0.0196870535
Rv1912c,0.002311038
Rv1913,-0.0065363707
Rv1914c,-0.0043251243
Rv1915,0.0020028334
Rv1916,0.0192552416
Rv1917c,-0.0083239985
Rv1918c,-0.0022725585
Rv1919c,0.0049396419000000006
Rv1920,0.0015674023
Rv1921c,0.011357379800000001
Rv1922,-0.0026460588
Rv1923,-0.006537200700000001
Rv1924c,-0.0092250784
Rv1925,-0.0027624008
Rv1926c,-0.0152380168
Rv1927,-0.0076869608
Rv1928c,0.0047884872
Rv1929c,0.0035114250000000003
Rv1930c,0.0049498809
Rv1931c,-0.0040057175
Rv1932,0.0008135684
Rv1933c,-0.0068494574
Rv1934c,-0.0022342175
Rv1935c,0.0042390163000000005
Rv1936,0.0104880015
Rv1937,-0.010441130100000001
Rv1938,-0.0197753059
Rv1939,-0.023477850800000002
Rv1940,0.0022270488
Rv1941,-0.0033478484
Rv1942c,-0.0170908193
Rv1943c,-0.0058319010000000004
Rv1944c,-0.0194307419
Rv1945,-0.017505303
Rv1946c,-0.0020851987
Rv1947,-0.000268978
Rv1948c,-0.0268881454
Rv1950c,-0.0215838436
Rv1951c,-0.012741645400000001
Rv1952,-0.0107455277
Rv1953,-0.0078249453
Rv1954c,0.011709888100000001
Rv1955,-0.0076903019
Rv1956,-0.0096247591
Rv1957,0.0016424571
Rv1958c,0.0010035485000000001
Rv1959c,-0.0274777602
Rv1960c,0.0347416702
Rv1961,-0.0022843671000000003
Rv1962c,-0.0021523658
Rv1962A,0.0024836461
Rv1963c,-0.0015441047000000002
Rv1964,-0.0167443905
Rv1965,-0.0173456746
Rv1966,0.015414850300000001
Rv1967,0.0028929547
Rv1968,0.0116102106
Rv1969,0.0069261345
Rv1970,0.0162656987
Rv1971,0.0003683839
Rv1972,-0.0347159802
Rv1973,-0.0418542625
Rv1974,0.011122517
Rv1975,-0.012938090800000001
Rv1976c,-0.0197992374
Rv1977,-0.0028734597000000003
Rv1978,0.0015485636
Rv1979c,-0.0082273174
Rv1980c,-0.0033907799000000003
Rv1981c,0.0097088912
Rv1982c,-0.0008320902
Rv1982A,-0.0040469659
Rv1983,0.0034079717000000003
Rv1984c,-0.0018929098
RV1984a,0.017589378200000002
Rv1985c,0.022829634600000002
Rv1986,0.0096996731
Rv1987,-0.0035423061000000003
Rv1988,0.0228952779
Rv1989c,-0.0004961283
Rv1990c,0.0181967987
Rv1991c,-0.0043799327
Rv1991A,0.0070015488
Rv1992c,-0.0012178422
Rv1993c,0.0062238854
Rv1994c,0.0122236484
Rv1995,0.0029994938
Rv1996,-0.0320777139
Rv1997,-0.0160775169
Rv1998c,-0.0061802857000000004
Rv1999c,-0.0227874955
Rv2000,0.000267903
Rv2001,-5.22368e-05
Rv2002,0.0078642252
Rv2003c,-0.0075852111
Rv2004c,-0.003982551
Rv2005c,-0.004603776600000001
Rv2006,-0.004397477
Rv2007c,0.0026481079
Rv2008c,-5.80749e-05
Rv2009,-0.0083764125
Rv2010,-0.0134812531
Rv2011c,-0.0223978864
Rv2012,-0.0136962807
Rv2015c,-0.0035113089
Rv2016,0.0084017524
Rv2017,0.0029136829
Rv2018,-0.0119328282
Rv2019,-0.0169663487
Rv2021c,-0.0057422668000000005
Rv2022c,-0.0005279787
Rv2023c,0.0219414913
Rv2024c,0.0005998711
Rv2025c,0.00046449150000000004
Rv2026c,0.0065886621
Rv2027c,0.0110232304
Rv2028c,0.0011451856
Rv2029c,0.013839397100000001
Rv2030c,-0.005478196
Rv2031c,-0.0017836157000000001
Rv2032,0.0023238628
Rv2033c,-0.0076825605
Rv2034,-0.036915894500000004
Rv2035,0.0086659466
Rv2036,-0.0092406755
Rv2037c,0.0027235893
Rv2038c,-0.014761906600000001
Rv2039c,-0.0089651355
Rv2040c,-0.0086887765
Rv2041c,0.0083652625
Rv2042c,-0.023915969000000002
Rv2043c,-0.0089046442
Rv2044c,-0.012687267700000001
Rv2045c,-0.0121213186
Rv2046,-0.0037820998
Rv2047c,-0.0039394382
Rv2048c,-0.00155542
Rv2049c,-0.0026749575
Rv2050,-0.0078191978
Rv2051c,-0.0010075463
Rv2052c,-0.0023838868000000003
Rv2053c,-0.0025809857000000003
Rv2054,0.0001682911
Rv2055c,0.0009881555
Rv2056c,0.006772761
Rv2057c,-0.0111905419
Rv2058c,-0.0142632387
Rv2059,-0.0105714606
Rv2060,0.0031605286000000003
Rv2061c,-0.013026128100000001
Rv2062c,-0.011273756000000001
Rv2063,0.0606231886
Rv2063A,0.0392774917
Rv2064,0.00030407400000000004
Rv2065,-0.0058613981
Rv2066,-0.0070805542
Rv2067c,-0.0007932173
Rv2068c,-0.0022519416
Rv2069,0.017517259900000002
Rv2070c,0.0022848067
Rv2071c,-0.0251569291
Rv2072c,0.0102696264
Rv2073c,0.0126825241
Rv2074,0.0038656033
Rv2075c,0.0023775234
Rv2076c,0.0193945631
Rv2077c,0.0011647609
Rv2077A,0.0090554917
Rv2078,-0.0032471379
Rv2079,0.005755831
Rv2080,0.0043008388
Rv2081c,0.0021734731
Rv2082,-0.0013198043
Rv2083,0.0017163963000000001
Rv2084,0.0006096025000000001
Rv2085,0.014357063900000001
Rv2086,0.0226385462
Rv2088,-0.0048726166
Rv2089c,0.0211569207
Rv2090,-0.0123802548
Rv2091c,-0.0011120943
Rv2092c,-0.0008709805
Rv2093c,-0.002381144
Rv2094c,-0.00014845560000000002
Rv2095c,0.0039850338
Rv2096c,-0.0009009008
Rv2097c,0.007907773600000001
Rv2100,0.0033650976000000003
Rv2101,0.0024287266
Rv2102,0.0049752065
Rv2103c,0.0051237081
Rv2104c,0.0121569014
Rv2104a,-0.046678046
Rv2107,0.0039753016
Rv2108,0.005022985000000001
Rv2109c,-0.0047723764
Rv2110c,-0.0013354728000000001
Rv2111c,-0.0016822671000000001
Rv2112c,0.0021159152
Rv2113,-0.0009349544
Rv2114,-0.0021031868000000002
Rv2115c,-0.0029439888
Rv2116,-0.0025467046
Rv2117,-0.0024679697000000002
Rv2118c,-0.0012963693
Rv2119,0.0005336217
Rv2120c,0.0067189865
Rv2121c,-0.002707819
Rv2122c,-0.014804773600000001
Rv2123,0.0127641929
Rv2124c,0.0008709614
Rv2125,-0.0055298534000000005
Rv2126c,-0.0031110585
Rv2127,-0.0030305271
Rv2128,0.0044271876
Rv2129c,0.005236827800000001
Rv2130c,0.0095471782
Rv2131c,0.0037288021000000003
Rv2132,0.0101930686
Rv2133c,-0.0036648756
Rv2134c,0.0047849738
Rv2135c,-0.0069193501
Rv2136c,-0.0011158622
Rv2137c,-0.0026872817
Rv2138,0.0115421024
Rv2139,0.0041707486
Rv2140c,0.0158838972
Rv2141c,0.0036752226000000003
Rv2142c,0.0039428525
Rv2142A,0.0031460839
Rv2143,0.0020475914000000002
Rv2144c,0.0046323331
Rv2145c,-0.001962276
Rv2146c,0.0107831478
Rv2147c,0.00042201740000000004
Rv2148c,0.0107978438
Rv2149c,-0.0103023342
Rv2150c,0.004385687
Rv2151c,0.0045553077
Rv2152c,-0.002718467
Rv2153c,0.0139209547
Rv2154c,-0.0021735555
Rv2155c,-0.0050145266
Rv2156c,0.0057078016
Rv2157c,-0.005681894000000001
Rv2158c,-0.0008320102000000001
Rv2159c,-0.0120729177
Rv2161c,-0.009203315600000001
Rv2162c,-0.0070882576
Rv2163c,-0.0055967288
Rv2164c,-0.0102046536
Rv2165c,-0.00025604050000000003
Rv2166c,-0.0035976199
Rv2169c,0.0208852559
Rv2170,0.009296745700000001
Rv2171,0.0029133351
Rv2172c,-0.0025405747
Rv2173,0.0001884063
Rv2174,0.0029600139
Rv2175c,-0.0095484127
Rv2176,-0.0075931812
Rv2177c,-0.0067752944
Rv2178c,-0.0019005263000000001
Rv2179c,-0.0044438873
Rv2180c,0.0029303763000000003
Rv2181,0.0029244825
Rv2182c,-0.0021224503000000002
Rv2183c,-0.0006369515
Rv2184c,-0.009496580000000001
Rv2185c,-0.0075303248
Rv2186c,-0.0001664833
Rv2187,-0.0020517377
Rv2188c,0.0042887612
Rv2189c,-0.0053269896
Rv2190c,0.0053941547
Rv2191,-0.0006188718000000001
Rv2192c,-0.0040168308
Rv2193,0.0002418427
Rv2194,-0.0012105753
Rv2195,-0.0004747287
Rv2196,-0.0027283184
Rv2197c,0.0043333575
Rv2198c,-0.0075119375
Rv2199c,-0.0044368806
Rv2200c,-0.0048643315
Rv2201,-0.003113971
Rv2202c,-0.0086622146
Rv2203,-0.0096446447
Rv2204c,0.0045875941
Rv2205c,0.0064321542
Rv2206,-0.0051755031
Rv2207,-0.0057676404
Rv2208,-0.0203380698
Rv2209,0.0044171495
Rv2210c,0.0008512005
Rv2211c,-0.0035976617
Rv2212,0.0037704638
Rv2213,0.0015254571
Rv2214c,0.0014404207
Rv2215,-0.0027906378
Rv2216,-0.0019170198000000001
Rv2217,-0.0009313204
Rv2218,0.0021236526
Rv2219,0.0179578134
Rv2219A,0.0057553225
Rv2220,-0.0001014067
Rv2221c,-0.013338983300000001
Rv2222c,-0.0068278053
Rv2223c,-0.0011348701
Rv2224c,-0.0095370529
Rv2224d,-0.0293333481
Rv2225,-0.001221953
Rv2226,-0.0074210236
Rv2227,-0.0245180868
Rv2228c,-0.0018705912
Rv2229c,0.0033293343000000003
Rv2230c,-0.0080199823
Rv2231c,-0.0024670108000000002
Rv2231A,-0.0181284256
Rv2231B,0.0103037183
Rv2232,-0.0156107686
Rv2234,0.0219968229
Rv2235,-0.0008613033
Rv2236c,0.0061248363
Rv2237,0.0002713193
Rv2237A,-0.0102447764
Rv2238c,-0.011117858100000001
Rv2239c,-0.0070382096
Rv2240c,-0.0087199303
Rv2241,0.0032454526
Rv2242,0.007219840700000001
Rv2243,0.0141833319
Rv2244,-0.0008913358
Rv2245,-0.0007904305
Rv2246,-0.0015612607
Rv2247,0.0074798215
Rv2248,0.006708278000000001
Rv2249c,-0.0155374533
Rv2250c,-0.0092546025
Rv2251,-0.006481872400000001
Rv2252,-0.0087815158
Rv2253,0.0120646981
Rv2254c,0.0004540306
Rv2256a,-0.0025758449
Rv2256c,0.0036662882000000003
Rv2257c,-0.0062091829000000005
Rv2258c,-0.001488661
Rv2259,0.0112817096
Rv2260,0.005033373900000001
Rv2263,0.0139632929
Rv2264c,-0.0092307709
Rv2265,-0.018299599200000002
Rv2266,0.0034801014000000003
Rv2267c,-0.0086788531
Rv2268c,0.0152612948
Rv2269c,-0.012716545400000001
Rv2270,0.0055124372
Rv2271,-0.0119312086
Rv2272,-0.0115955408
Rv2273,0.008771686800000001
Rv2274c,-0.0020875547
Rv2274A,0.0023151521
Rv2275,-0.00018687800000000002
Rv2276,-0.000717821
Rv2277c,-0.007766988000000001
Rv2281,-0.0036205074
Rv2282c,0.0038964454000000003
Rv2283,-0.0400202827
Rv2284,0.0039141663
Rv2285,0.0040811189
Rv2286c,0.0184660471
Rv2287,-0.0088375516
Rv2288,-0.009177400700000001
Rv2289,0.0034482198
Rv2290,0.0002461376
Rv2291,0.0094871732
Rv2292c,0.0099875541
Rv2293c,0.005560361000000001
Rv2294,-0.0145802906
Rv2295,-0.006558394800000001
Rv2296,0.0092702154
Rv2297,0.0059021133
Rv2298,0.0025032131000000003
Rv2299c,0.0021757506
Rv2300c,-0.0046524015
Rv2301,-0.0053910856000000005
Rv2302,-0.0077879409
Rv2303c,0.003728246
Rv2304c,-0.0031026264
Rv2305,-0.0054247663
Rv2307c,-0.0139348379
Rv2307A,0.0149655349
Rv2307B,0.0032515111
Rv2307D,0.0141790708
Rv2308,-0.0017210519
Rv2308a,0.024391911800000003
Rv2309A,-0.0064527154000000005
Rv2310,0.0246640618
Rv2311,0.0086558419
Rv2312,-0.000964525
Rv2313c,0.0028037906000000002
Rv2314c,-0.00038616860000000004
Rv2315c,-7.96421e-05
Rv2316,0.020687420800000002
Rv2317,-0.010688960800000001
Rv2318,0.0066585735
Rv2319c,0.005466997800000001
Rv2320c,0.0010960921
Rv2323c,0.017976385
Rv2324,-0.017750244300000002
Rv2325c,-0.0078544731
Rv2326c,-0.0025827265
Rv2327,-0.008899493500000001
Rv2328,-0.0104154543
Rv2329c,-0.0022279381
Rv2330c,-0.0009510476
Rv2331,0.011319885600000001
Rv2331A,-0.0042875922
Rv2332,0.0121738127
Rv2333c,-0.0009665072
Rv2334,-0.0010774328
Rv2335,-0.0061670181
Rv2336,0.011108457
Rv2337c,-0.0013528864000000001
Rv2338c,0.0038765229
Rv2339,-0.0011918839
Rv2340c,-0.0023183529
Rv2341,-0.0240708625
Rv2342,-0.0037726710000000004
Rv2343c,0.0053584139
Rv2344c,-0.0051494736
Rv2345,-0.0050874571000000006
Rv2346c,0.0020875712
Rv2347c,0.0082733319
Rv2348c,-0.0024431519
Rv2349c,0.0024458364
Rv2350c,0.007715806600000001
Rv2351c,-0.0014229622000000001
Rv2352c,0.0037347385
Rv2353c,0.028571633500000002
Rv2357c,-0.0007230301
Rv2358,-0.0107929874
Rv2359,0.0067925169
Rv2360c,0.0083552564
Rv2361c,-0.0003985317
Rv2362c,-0.0200299102
Rv2363,0.0048022129
Rv2364c,-0.0022720175
Rv2365c,0.012761877900000001
Rv2366c,0.0023924105
Rv2367c,-0.0056185339
Rv2368c,0.0090130246
Rv2369c,0.0026056988
Rv2370c,-0.0012169636000000001
Rv2371,-0.032153329
Rv2372c,0.0080319033
Rv2373c,0.0012474425
Rv2374c,-0.0001948858
Rv2375,-0.0069355693000000005
Rv2376c,-0.0003413688
Rv2377c,-0.002666833
Rv2378c,-0.00029744470000000003
Rv2379c,0.0109438282
Rv2380c,0.0054329163
Rv2381c,0.0042274124
Rv2382c,0.0161046634
Rv2383c,0.0007499619
Rv2384,-0.0251281803
Rv2385,-0.0021018569
Rv2386c,-0.0132799795
Rv2386a,-0.0047406796000000005
Rv2387,-0.0050670247000000005
Rv2388c,-0.0046097224
Rv2389c,-0.0067088462
Rv2390c,-0.0255396843
Rv2391,-0.0015552915
Rv2392,-0.0025379289
Rv2393,-0.012238974900000001
Rv2394,-0.0022241175
Rv2395,0.0033042829000000003
Rv2395A,-0.0168725579
Rv2395B,-0.0131986572
Rv2396,-0.0006962345000000001
Rv2397c,-0.0027009545
Rv2398c,-0.00020985210000000002
Rv2399c,-0.0042720739
Rv2400c,0.0052279155
Rv2401,-0.013289549500000001
Rv2401A,-0.0259545927
Rv2402,-0.0062419394
Rv2403c,-0.013281864400000001
Rv2404c,-0.0042668832
Rv2405,-0.018110497700000002
Rv2406c,0.0098783688
Rv2407,-0.015020202500000001
Rv2408,-0.0053134064
Rv2409c,0.0083965674
Rv2410c,0.007897395100000001
Rv2411c,0.0008343511
Rv2412,-0.0019486901000000001
Rv2413c,0.014452708100000001
Rv2414c,0.0098882321
Rv2415c,-0.0027101
Rv2416c,9.770880000000001e-05
Rv2417c,0.0024332060000000003
Rv2418c,0.0062442903
Rv2419c,0.0010530937
Rv2420c,-0.013653055400000001
Rv2421c,0.0101046231
Rv2422,0.0697835063
Rv2423,-0.0010050518000000001
Rv2424c,0.009676638000000001
Rv2425c,0.0027317908000000003
Rv2426c,-0.0044046783
Rv2427c,-0.0105449576
Rv2428,-0.012609747000000001
Rv2429,0.0041668539
Rv2430c,-0.0037333534
Rv2431c,-0.0047321639
Rv2432c,-0.0081649141
Rv2433c,-0.0030311527000000003
Rv2434c,-0.0068711857
Rv2435c,-0.0033459883
Rv2436,-0.0091167654
Rv2437,0.0159861757
Rv2438c,-0.0004140139
Rv2438A,0.008500821700000001
Rv2439c,0.011069917700000001
Rv2440c,0.0076690180000000005
Rv2441c,-0.0031232961000000003
Rv2442c,-0.0068113061
Rv2443,0.0068175605
Rv2444c,0.0036070177
Rv2445c,-0.0058481644000000004
Rv2446c,0.0057477875000000005
Rv2447c,-0.0025207426
Rv2448c,0.0027603669
Rv2449c,-0.0040035559000000005
Rv2450c,-0.0060760248000000005
Rv2451,0.0215540418
Rv2452c,0.0022298365
Rv2453c,0.0066983687
Rv2454c,0.0063604924
Rv2455c,0.0001513672
Rv2456c,-0.0131707497
Rv2457c,-0.0016975417000000001
Rv2458,-0.0015512013
Rv2459,-0.010485843600000001
Rv2460c,0.005506271300000001
Rv2461c,0.0013053568
Rv2462c,0.0068804672
Rv2463,0.0176671965
Rv2464c,-0.0240302947
Rv2465c,-0.0004413072
Rv2466c,-0.0230432605
Rv2467,0.0026569531
Rv2468c,0.0057620806
Rv2468A,0.0162656563
Rv2469c,0.0012525627
Rv2470,0.0033130098000000003
Rv2471,-0.0007407899
Rv2472,0.0117938554
Rv2473,0.00041252700000000004
Rv2474c,0.0016111845
Rv2475c,0.0013961776
Rv2476c,0.0065060988
Rv2477c,-0.0010263303
Rv2478c,-0.0019332822
Rv2481c,0.0088601713
Rv2482c,-0.0079013443
Rv2483c,-0.0024135007
Rv2484c,-0.006571194000000001
Rv2485c,-0.0057527080000000005
Rv2486,-0.0016696664000000001
Rv2487c,-0.0071413357
Rv2488c,0.0103207995
Rv2489c,0.0167502632
Rv2490c,-0.0075124172000000005
Rv2490a,-0.006830389300000001
Rv2491,-0.0112376889
Rv2492,0.0132327539
Rv2493,-0.0022947816000000003
Rv2494,-0.0009404284
Rv2495c,-0.0004355373
Rv2496c,-0.0025578054
Rv2497c,0.0034253115
Rv2498c,-0.009824601300000001
Rv2499c,0.0062479451
Rv2500c,0.0106637199
Rv2501c,-0.0069855093000000005
Rv2502c,-0.0086194167
Rv2503c,0.0075257516
Rv2504c,-0.007493504000000001
Rv2505c,-0.0240971348
Rv2506,0.0071107326
Rv2507,0.0012580625
Rv2508c,-0.0098190885
Rv2509,-0.0092340254
Rv2510c,-0.0035284213
Rv2511,-7.09236e-05
Rv2512c,-0.0077910311
Rv2512a,0.0166242676
Rv2513,0.0121603072
Rv2514c,0.0028782403
Rv2515c,0.0226003208
Rv2516c,0.0033492388000000003
Rv2517c,0.00043556700000000004
Rv2518c,0.0027549873
Rv2519,0.0081778078
Rv2520c,-0.0070038365
Rv2521,-0.001263657
Rv2522c,-0.0021424073
Rv2523c,-0.0130834608
Rv2524c,0.0034531863
Rv2525c,-0.0025232274
Rv2526,0.0115210035
Rv2527,-0.006679911100000001
Rv2528c,-0.0057404964000000005
Rv2529,-0.013806663600000001
Rv2530c,-6.0065e-06
Rv2530A,0.0050025554
Rv2531c,0.0037844179000000003
Rv2532c,0.0044254891
Rv2533c,0.0014681458
Rv2534c,0.0076623207
Rv2535c,0.0049932457
Rv2536,-0.0038461334
Rv2537c,0.0053071852
Rv2538c,0.0002702269
Rv2539c,0.0141554971
Rv2540c,-0.0213707421
Rv2541,0.0024956820000000004
Rv2542,0.0017135167
Rv2543,-0.012969224100000001
Rv2544,-0.0133341407
Rv2545,0.011130940800000001
Rv2546,-0.0573584384
Rv2547,-0.0103203609
Rv2548,0.0015775341
Rv2548A,0.009703063100000001
Rv2549c,-0.0068093550000000004
Rv2550c,0.0088211591
Rv2551c,-0.0174713233
Rv2552c,0.0052499251
Rv2553c,-0.0084816879
Rv2554c,-0.0122619346
Rv2555c,-0.0020518603
Rv2556c,-0.0007103215
Rv2557,-0.0011080264
Rv2558,0.0044156008
Rv2559c,-0.0039553773
Rv2560,0.0017424407
Rv2563,-0.0007878142
Rv2564,0.0011684617
Rv2565,0.0017479641
Rv2566,0.0116449706
Rv2567,-0.0016022011
Rv2568c,-0.0034217799
Rv2569c,0.0045345242
Rv2570,0.0166504481
Rv2571c,0.0019306508000000002
Rv2572c,-0.0167724429
Rv2573,0.0171285609
Rv2574,-0.0139557073
Rv2575,-0.00010031990000000001
Rv2576c,0.0053338462
Rv2577,0.0130464341
Rv2578c,-0.004754708000000001
Rv2579,0.0183496281
Rv2580c,-0.0035475078
Rv2581c,0.0057405601
Rv2582,0.0008728796
Rv2583c,0.0083373627
Rv2584c,0.014380191300000001
Rv2585c,-0.0038155069
Rv2586c,-0.0039815558
Rv2587c,-0.0033308778
Rv2588c,0.0070114699
Rv2589,-0.0054521133
Rv2590,0.0004433444
Rv2591,0.0016676845
Rv2592c,-0.012558340500000001
Rv2593c,0.0025498006000000003
Rv2594c,0.0091112681
Rv2595,0.0116700486
Rv2596,0.0025282814
Rv2597,0.0100786413
Rv2598,0.015618262
Rv2599,-0.0058129921
Rv2600,-0.0117758541
Rv2601,-0.0005688493000000001
Rv2601A,-0.0096590561
Rv2602,-0.0016792147
Rv2603c,-0.0111497188
Rv2604c,-0.0102963228
Rv2605c,-0.00029214350000000003
Rv2606c,0.0047765824
Rv2607,0.006063305000000001
Rv2608,-0.0029692315000000003
Rv2609c,-0.0117885993
Rv2610c,0.0088056161
Rv2611c,-0.0012836374000000002
Rv2612c,-0.0172580013
Rv2613c,-0.0037238504
Rv2614c,-0.0017467401000000001
Rv2614A,0.0024437160000000003
Rv2615c,0.0010429175
Rv2616,0.012144466000000001
Rv2617c,0.0024659108000000002
Rv2618,0.0026625518000000003
Rv2619c,0.0085530042
Rv2620c,-0.0114566575
Rv2621c,0.016090653400000002
Rv2622,0.036210829
Rv2623,0.017196609
Rv2624c,0.010372115000000001
Rv2625c,0.0031540603000000003
Rv2626c,0.0083588515
Rv2627c,0.0053265852
Rv2628,-0.017640659
Rv2629,0.014217256800000001
Rv2630,-0.0056526146000000005
Rv2631,0.0242525435
Rv2632c,2.97372e-05
Rv2633c,-0.0094693217
Rv2634c,0.0080514625
Rv2635,0.0176415672
Rv2636,0.0010450271
Rv2637,-0.0132614279
Rv2638,0.015498407300000001
Rv2639c,0.0151622656
Rv2640c,-0.0330230196
Rv2641,0.002266473
Rv2642,0.0051342632
Rv2643,0.0023587441
Rv2644c,0.0154575218
Rv2645,-0.0469595603
Rv2646,0.0102627598
Rv2647,-0.0041788387000000005
Rv2650c,0.0006159543
Rv2651c,-0.0069779587
Rv2652c,0.00035205720000000003
Rv2653c,0.0024549472
Rv2654c,0.0131104972
Rv2655c,-0.0110753534
Rv2656c,-0.025890224700000002
Rv2657c,-0.0136832056
Rv2658c,0.0089827723
Rv2659c,0.0024955704
Rv2660c,0.013260328200000001
Rv2661c,0.0113945104
Rv2662,0.0005670609000000001
Rv2663,-0.0132987873
Rv2664,-0.0183045595
Rv2665,-0.015542641500000001
Rv2667,-0.0138542466
Rv2668,-0.0089279913
Rv2669,0.0014963768
Rv2670c,-0.0070599798
Rv2671,-0.0080972733
Rv2672,0.0033940913000000002
Rv2673,0.0023905682
Rv2674,-0.0005409642
Rv2675c,0.0006167776
Rv2676c,0.014333018500000001
Rv2677c,-0.002743572
Rv2678c,0.0038031635
Rv2679,-0.0010163381000000001
Rv2680,0.0018621412000000002
Rv2681,-0.0010222189
Rv2682c,0.002847262
Rv2683,0.0001644819
Rv2684,-0.0050372698
Rv2685,0.0027587169
Rv2686c,0.024791510200000002
Rv2687c,0.0047790203
Rv2688c,0.0045209398
Rv2689c,-0.0099411156
Rv2690c,-0.0067405407
Rv2691,-0.007562728800000001
Rv2692,0.0004520191
Rv2693c,-0.0019687518
Rv2694c,-0.0021626099
Rv2695,0.0189272732
Rv2696c,0.009820616800000001
Rv2697c,0.012328941000000001
Rv2698,-0.019586384800000002
Rv2699c,-0.0097155147
Rv2700,-0.0007727533
Rv2701c,0.0019574155000000003
Rv2702,0.0088135555
Rv2703,0.0016772926000000001
Rv2704,0.0087288421
Rv2705c,0.007491658500000001
Rv2706c,-0.035861416
Rv2707,0.0105749003
Rv2708c,0.0018279847
Rv2709,0.0115954419
Rv2710,-0.0008582707000000001
Rv2711,0.005131757000000001
Rv2712c,-0.0006908233
Rv2713,-0.0009480956
Rv2714,0.0043291394
Rv2715,0.0021117805
Rv2716,0.0025619252
Rv2717c,-0.009065334000000001
Rv2718c,0.0104126784
Rv2719c,-0.0037448479000000002
Rv2720,-0.025925260500000002
Rv2721c,-0.0049391378
Rv2722,-0.0207557479
Rv2723,0.0087118534
Rv2724c,0.0109963084
Rv2725c,0.0022369393
Rv2726c,0.0011519334
Rv2727c,-0.014520364000000001
Rv2728c,-0.0123646033
Rv2729c,0.0065168327
Rv2730,-0.0025504329
Rv2731,0.0097046161
Rv2732c,0.0031955748
Rv2733c,-0.0104396782
Rv2734,-0.021990210200000002
Rv2735c,0.004845971100000001
Rv2736c,-0.0247021711
Rv2737c,0.0011247155
Rv2738c,-0.0048863074000000005
Rv2739c,-0.0049583017
Rv2740,-0.0085972597
Rv2741,0.0008258993
Rv2742c,-0.0185427975
Rv2743c,0.013809962200000001
Rv2744c,0.0008058942
Rv2745c,0.0159092148
Rv2746c,0.006370185400000001
Rv2747,-0.0044038535
Rv2748c,-0.006254995100000001
Rv2749,-0.0033258784
Rv2750,-0.0041706083
Rv2751,0.0072146121
Rv2752c,-0.0073653882000000006
Rv2753c,-0.0042381132
Rv2754c,-0.0068856939
Rv2756c,0.0023117298
Rv2757c,0.0035070738
Rv2758c,-0.0028237170000000003
Rv2759c,-0.0015418131
Rv2760c,-0.0089722104
Rv2761c,0.0104375752
Rv2762c,-0.0048537387000000005
Rv2763c,0.010216524000000001
Rv2764c,0.0009786439
Rv2765,0.0183905056
Rv2766c,-0.0168219116
Rv2767c,0.0169681416
Rv2768c,-0.006147336000000001
Rv2769c,0.0187625084
Rv2770c,-0.0076582031
Rv2771c,0.0049207444000000005
Rv2772c,-0.0030250947
Rv2773c,0.0044212235
Rv2774c,0.0098571816
Rv2775,-0.0026411859
Rv2776c,0.005878825900000001
Rv2777c,0.0103976954
Rv2778c,-0.0037748557
Rv2779c,-0.0002825225
Rv2780,0.0159228762
Rv2781c,0.0017859689
Rv2782c,-0.0020003397
Rv2783c,0.0004372461
Rv2784c,0.0010409094
Rv2785c,0.0042871642000000005
Rv2786c,-0.015602341200000001
Rv2787,0.0125810023
Rv2788,0.008314509000000001
Rv2789c,-0.0009954252
Rv2790c,-0.0058940774
Rv2791c,-0.0018781601
Rv2792c,0.0100678372
Rv2793c,-0.0170575248
Rv2794c,0.0037219864
Rv2795c,-0.0133377163
Rv2796c,0.0028059888
Rv2797c,-0.0035325241
Rv2798c,0.0016954306000000001
Rv2799,-0.0012233735
Rv2800,0.009739586000000001
Rv2801c,0.0043773492
Rv2801A,0.024053489900000002
Rv2802c,0.032026686900000004
Rv2803,0.013626340700000001
Rv2804c,0.0072753568000000005
Rv2805,0.0021811082000000002
Rv2806,-0.0047507223
Rv2807,0.0225100812
Rv2808,0.009799686
Rv2809,0.0083911191
Rv2811,-0.0143945571
Rv2812,0.0015779257
Rv2813,0.0334203152
Rv2816c,-0.010253892700000001
Rv2817c,0.0046439065
Rv2818c,-0.0023518608
Rv2819c,-0.0001935068
Rv2820c,-0.007383451300000001
Rv2821c,-0.0125339821
Rv2822c,-0.0014361413
Rv2823c,0.0106740284
Rv2824c,0.0031401970000000004
Rv2825c,0.0026755789
Rv2826c,0.0123626557
Rv2827c,0.0093884519
Rv2828c,-0.0059402555
Rv2828A,0.08539258470000001
Rv2829c,-0.012062815900000001
Rv2830c,0.033242705500000004
Rv2831,0.004092027000000001
Rv2832c,0.0048893709
Rv2833c,-0.011047420700000001
Rv2834c,-0.0074294115
Rv2835c,-0.0089336581
Rv2836c,-0.0088648626
Rv2837c,-0.0029953713000000002
Rv2838c,0.0032528306
Rv2839c,0.0039278848
Rv2840c,-0.0064386603
Rv2841c,-0.010718705
Rv2842c,-0.0014992457
Rv2843,-0.020918708100000002
Rv2844,-0.0237016743
Rv2845c,0.00037895180000000004
Rv2846c,0.0055239114
Rv2847c,0.0006675940000000001
Rv2848c,-0.0100520009
Rv2849c,-0.0041079622
Rv2850c,-0.0075644693
Rv2851c,-0.0050103378
Rv2852c,-0.0040616949
Rv2853,0.0102032498
Rv2854,-0.0041404334
Rv2855,-0.0043535647000000005
Rv2856,-0.00601583
Rv2857c,-0.010909511
Rv2858c,-0.0048343205
Rv2859c,0.0061775253
Rv2860c,0.0034694502000000003
Rv2861c,-0.014299779200000001
Rv2862c,0.014333083100000001
Rv2862A,-0.0041486003
Rv2863,0.0019741225
Rv2864c,0.0041364765
Rv2865,0.0096630262
Rv2866,-0.0191242114
Rv2867c,0.0042373988
Rv2868c,0.0041747602000000005
Rv2869c,0.0020504402000000002
Rv2870c,0.0029619836000000003
Rv2871,0.0278858311
Rv2872,-0.0168585381
Rv2873,-0.00043105840000000003
Rv2874,0.0099535163
Rv2875,-0.0261731061
Rv2876,-0.0064951197
Rv2877c,-0.0058949382
Rv2878c,-0.0064575435
Rv2881c,0.0003187445
Rv2882c,-0.0056438556
Rv2883c,0.0030049489
Rv2884,-0.0052999898
Rv2885c,-0.0143025463
Rv2886c,-0.0006690535
Rv2887,-0.0174903896
Rv2888c,0.0005308482000000001
Rv2889c,0.0061237566
Rv2890c,-0.0002361109
Rv2891,0.0259285991
Rv2892c,-0.0144993702
Rv2893,0.0089633872
Rv2894c,-0.0037535364
Rv2895c,-0.0039743277
Rv2896c,-0.0010463047
Rv2897c,0.015018315300000001
Rv2898c,0.008412277400000001
Rv2899c,-0.0040622801
Rv2900c,0.0027263494
Rv2901c,0.006593471
Rv2902c,0.0047116537
Rv2903c,-0.0088518925
Rv2904c,-0.0093925888
Rv2905,-0.00031238020000000003
Rv2906c,-0.0112277596
Rv2907c,0.0109092171
Rv2908c,-0.015543911700000001
Rv2909c,-0.0024898333
Rv2910c,0.0049861278
Rv2911,-0.0107806835
Rv2912c,-0.0049377006
Rv2913c,0.0087013825
Rv2914c,0.0146163225
Rv2915c,0.0109299626
Rv2916c,0.0037093621
Rv2917,-0.0057187275000000004
Rv2918c,0.0013875386
Rv2919c,0.0032999621
Rv2920c,0.0019736212
Rv2921c,0.006185663100000001
Rv2922c,0.0040258106000000005
Rv2922A,-0.0091623537
Rv2923c,0.0180299312
Rv2924c,0.0001402269
Rv2925c,-0.0021400306
Rv2926c,-0.0039770986
Rv2927c,0.0045147923
Rv2928,-0.008470044900000001
Rv2929,-0.0006674855000000001
Rv2930,0.0003359064
Rv2931,0.0047447308
Rv2932,0.0066132191000000005
Rv2933,-0.0025626738
Rv2934,-0.005807975700000001
Rv2935,-0.0018778352
Rv2936,-0.0061232407
Rv2937,0.0002663724
Rv2938,0.00031516730000000003
Rv2939,0.0053185328
Rv2940c,0.005402686
Rv2941,-0.0082129243
Rv2942,-0.0027164341000000002
Rv2943,0.0042246256
Rv2943A,0.004657894
Rv2944,0.0135769776
Rv2945c,0.0077881542
Rv2946c,0.0040293479
Rv2947c,0.0019791518
Rv2948c,-0.0079172708
Rv2949c,-0.00226903
Rv2950c,-0.0029496644
Rv2951c,-0.0079507947
Rv2952,0.0005149497
Rv2953,-0.0013910904000000001
Rv2954c,-0.0010346024
Rv2955c,0.011809832800000001
Rv2956,-0.0074888381
Rv2957,-0.0126283234
Rv2958c,0.008042240800000001
Rv2959c,-0.008840680200000001
Rv2960c,-0.0122926997
Rv2961,-0.030954893100000002
Rv2962c,-0.0165359454
Rv2963,0.0029069515000000002
Rv2964,-0.0045772059
Rv2965c,0.0074766057000000006
Rv2966c,-0.0006297665
Rv2967c,0.001590218
Rv2968c,-0.0097418817
Rv2969c,-0.0086217533
Rv2970c,-0.0023515113000000002
Rv2970A,-0.002128099
Rv2971,-0.0038147785
Rv2972c,0.0136988006
Rv2973c,0.0066886689
Rv2974c,-0.0218494534
Rv2975c,0.0111285333
Rv2975a,-0.0063030134
Rv2976c,-0.0211158427
Rv2977c,-0.0046886914
Rv2978c,-0.011031796200000001
Rv2979c,-0.015019119000000001
Rv2980,-0.0051482701
Rv2981c,0.0044350946
Rv2982c,-0.0023768499
Rv2983,0.010621463900000001
Rv2984,0.0075761752
Rv2985,-0.0063699556
Rv2986c,-0.0047914896000000005
Rv2987c,-0.0057107204
Rv2988c,-0.011869456300000001
Rv2989,0.0043977197
Rv2990c,-0.0055979349000000005
Rv2991,0.0179980233
Rv2992c,-0.0002763919
Rv2993c,-0.0069565689000000005
Rv2994,-0.001053762
Rv2995c,0.0028537904000000003
Rv2996c,0.002245846
Rv2997,0.006940375800000001
Rv2998,0.0191886778
Rv2999,0.0004315577
Rv3000,0.0121106478
Rv3001c,0.0055620714
Rv3002c,0.0013890612
Rv3003c,-0.0027617307000000002
Rv3004,0.0144862618
Rv3005c,0.0004988658
Rv3006,0.0060518534
Rv3007c,-0.008134069800000001
Rv3008,0.0057100529
Rv3009c,-0.0023688002
Rv3010c,0.0055643561
Rv3011c,-0.0047687151
Rv3012c,-0.020796468800000002
Rv3013,-0.0074828258000000005
Rv3014c,0.0036813022
Rv3015c,0.0150682375
Rv3016,-0.0124684805
Rv3017c,-0.0072197587
Rv3018c,-0.0115879706
Rv3019c,0.0181963957
Rv3020c,-0.0018673702
Rv3022A,-0.0095549397
Rv3023c,0.0036324961000000003
Rv3024c,0.0046945844
Rv3025c,0.0010811725
Rv3026c,0.0220070363
Rv3027c,0.0040664162
Rv3028c,-0.0015155490000000001
Rv3029c,-0.001050374
Rv3030,0.00038306880000000003
Rv3031,-0.0042280963
Rv3032,-0.007389515
Rv3032A,-0.00047248500000000003
Rv3033,-0.0180924015
Rv3034c,0.0067101028
Rv3035,0.0045880647
Rv3036c,-0.0049808049
Rv3037c,-0.0185470489
Rv3038c,0.007105962600000001
Rv3039c,-0.0064156618
Rv3040c,-0.0005733546
Rv3041c,0.0034986733
Rv3042c,0.0016847709
Rv3043c,0.0013406342000000001
Rv3044,-0.0062456816000000005
Rv3045,-0.0003861256
Rv3046c,-0.028967753500000002
Rv3047c,0.0014000604
Rv3048c,0.005166436700000001
Rv3049c,0.0074315006
Rv3050c,-0.0079472096
Rv3051c,0.0022548058
Rv3052c,-0.0057042319000000005
Rv3053c,0.0009136313
Rv3054c,-0.0156382173
Rv3055,-0.0061205248
Rv3056,0.0053832066
Rv3057c,0.008824100100000001
Rv3058c,-0.009792479100000001
Rv3059,0.0052199309
Rv3060c,-0.0099618237
Rv3061c,0.015078064300000001
Rv3062,0.0056228314
Rv3063,0.0175512482
Rv3064c,-0.0090413261
Rv3065,-0.0124944318
Rv3066,-0.0263514299
Rv3067,-0.0042544533
Rv3068c,0.0041936681
Rv3069,-0.015269867400000001
Rv3070,-0.002203921
Rv3071,0.0086780515
Rv3072c,-0.0045586339
Rv3073c,0.0068861252
Rv3074,-0.0101394832
Rv3075c,-0.0118303687
Rv3076,0.0018364855
Rv3077,0.0052077623
Rv3078,0.0176030497
Rv3079c,0.0140866153
Rv3080c,-0.014570559700000001
Rv3081,-0.0091655864
Rv3082c,0.014874276700000001
Rv3083,0.0005887077
Rv3084,0.019218872300000002
Rv3085,0.012643817600000001
Rv3086,-0.0034719914
Rv3087,0.002211489
Rv3088,-0.0054326672000000005
Rv3089,-0.008615714
Rv3090,0.0003062704
Rv3091,0.008157312600000001
Rv3092c,-0.0039612537
Rv3093c,-0.002209473
Rv3094c,-0.0014113535000000001
Rv3095,0.004096533
Rv3096,-0.0053771618
Rv3097c,-0.002098003
Rv3098c,0.011169612800000001
Rv3098A,-0.0037202775000000003
Rv3099c,-0.0006356164
Rv3100c,-0.0140272282
Rv3101c,-0.0070629934
Rv3102c,-0.0138604578
Rv3103c,-0.0025119769000000003
Rv3104c,0.0064514711
Rv3105c,0.0024154317000000002
Rv3106,-0.0033561149
Rv3107c,0.0013103440000000002
Rv3108,-0.053056006700000005
Rv3109,-0.030815680300000002
Rv3110,-0.0265215809
Rv3111,-0.027104774
Rv3112,0.0011157103000000001
Rv3113,0.0115814105
Rv3114,0.0123015005
Rv3115,0.0224487386
Rv3116,-0.0039470828000000005
Rv3117,-0.0020627975
Rv3118,0.0044732061
Rv3119,-0.0019473043
Rv3120,-0.0067705865
Rv3121,0.0022365111
Rv3122,0.0039653038
Rv3123,0.013465276
Rv3124,-0.0192385433
Rv3125c,0.0086602102
Rv3126c,-0.0396579441
Rv3127,8.43034e-05
Rv3130c,-0.0193623089
Rv3131,-0.0005717236
Rv3132c,-0.0031293072
Rv3133c,-0.0076033362000000005
Rv3134c,-0.009411644200000001
Rv3135,-0.0162666892
Rv3136,0.0022274292
Rv3136A,-0.0139723163
Rv3137,-0.000159676
Rv3138,-0.0004578923
Rv3139,-0.0072802517
Rv3140,-0.0074541785
Rv3141,0.007668430800000001
Rv3142c,0.003014629
Rv3143,-0.015932354200000002
Rv3144c,0.0081664066
Rv3145,-0.00326474
Rv3146,0.0037942938
Rv3147,-0.0040900314
Rv3148,-0.00459418
Rv3149,-0.0124178523
Rv3150,-0.0052328353000000005
Rv3151,0.0005956243
Rv3152,0.0071305317000000005
Rv3153,-0.0026045548
Rv3154,0.0059425774
Rv3155,-0.0047123686
Rv3156,0.0031134113
Rv3157,0.0024827804
Rv3158,0.0098306923
Rv3159c,-0.0147403251
Rv3160c,0.0008446064
Rv3161c,0.0175875719
Rv3162c,0.010819274200000001
Rv3163c,0.0125484045
Rv3164c,-0.0108212002
Rv3165c,0.0130477697
Rv3166c,-0.0049564053
Rv3167c,0.0023546719
Rv3168,-0.014276484800000001
Rv3169,-0.008983767200000001
Rv3170,-0.0072100282
Rv3171c,-0.0043900946
Rv3172c,-0.0025050369000000003
Rv3173c,0.0138033158
Rv3174,0.0419917847
Rv3175,0.0132056432
Rv3176c,-0.0036370015
Rv3177,-0.0239324289
Rv3178,-0.010822795500000001
Rv3178a,-0.0101476851
Rv3179,0.0016614749000000001
Rv3180c,-0.0258105704
Rv3181c,0.0066095915
Rv3182,0.00976892
Rv3183,0.0097899739
Rv3188,-0.0196068528
Rv3189,0.0003654339
Rv3190c,-0.0037845769000000003
Rv3190A,0.0016466893000000001
Rv3191c,0.0283407382
Rv3192,-0.0006377802000000001
Rv3193c,-0.0020669878
Rv3194c,0.0011157168
Rv3195,-0.002070885
Rv3196,0.0051619280000000005
Rv3196A,0.0115138787
Rv3197,0.0078745353
Rv3197A,0.0118586811
Rv3198c,-0.002699494
Rv3198A,-0.0135451202
Rv3199c,0.00030055340000000004
Rv3200c,0.0063297748
Rv3201c,-0.006398459600000001
Rv3202c,-0.0040110375
Rv3202a,-0.0025112847
Rv3203,0.017137225500000002
Rv3204,-0.0125923539
Rv3205c,0.0027395402
Rv3206c,0.0109537181
Rv3207c,-0.0039666680000000005
Rv3208,-0.0098451252
Rv3208A,-0.0110530119
Rv3209,-0.0235369463
Rv3210c,0.0007022739
Rv3211,0.0009432259
Rv3212,-0.0058466687
Rv3213c,0.0025086464
Rv3214,0.0020855645
Rv3215,-0.013588409000000001
Rv3217c,-0.0108737272
Rv3218,-0.0052987484
Rv3219,0.0025342534
Rv3220c,-0.0056442836
Rv3221c,-0.010240480500000001
Rv3221A,0.0003462884
Rv3222c,-0.0058758377
Rv3223c,-0.0064171933
Rv3224,0.0020157259
Rv3225c,-0.00042922690000000004
Rv3226c,0.0001237869
Rv3227,0.0001864952
Rv3228,0.006252247000000001
Rv3229c,0.0111044262
Rv3230c,0.0059499495
Rv3231c,0.008874421
Rv3232c,0.010002477800000001
Rv3234c,-0.0029543861000000003
Rv3235,0.0149168376
Rv3236c,0.0115481908
Rv3237c,0.0102809669
Rv3238c,0.0022989261
Rv3239c,0.002538486
Rv3240c,-0.000518918
Rv3241c,-0.0029451042
Rv3242c,0.017954562
Rv3243c,0.001128186
Rv3244c,-0.00020589260000000001
Rv3245c,0.0064879954
Rv3246c,0.007783661000000001
Rv3247c,-0.020208921
Rv3248c,-0.0075555409
Rv3249c,-0.0151391467
Rv3250c,-0.0090573255
Rv3251c,-0.039932983000000005
Rv3252c,0.0029745372000000003
Rv3253c,0.014179522000000002
Rv3254,0.0044114918
Rv3255c,0.0034134049
Rv3256c,-0.0005608393
Rv3257c,0.0007928004
Rv3258c,-0.0040006777
Rv3259,-0.045378170100000004
Rv3260c,0.0111633219
Rv3261,-0.0083507231
Rv3262,-0.0081040617
Rv3263,0.0042674384
Rv3264c,0.002413854
Rv3265c,-0.0012133465
Rv3266c,0.0065150453
Rv3267,0.0158849557
Rv3268,-0.0029202060000000003
Rv3269,-0.015394738500000001
Rv3270,0.0105553485
Rv3271c,0.009671342900000001
Rv3272,0.0010589945000000001
Rv3273,0.00032661290000000003
Rv3274c,0.0057639578
Rv3275c,0.0157149351
Rv3276c,0.0074438102
Rv3277,0.006350184300000001
Rv3278c,-0.0032168518
Rv3279c,-0.002533233
Rv3280,-0.0004461452
Rv3281,-0.0202113955
Rv3282,0.0018293197
Rv3283,-0.0028994314
Rv3284,-0.0065101505
Rv3285,0.0010978862
Rv3286c,-0.0137178616
Rv3287c,-0.0253076678
Rv3288c,-0.0292147757
Rv3289c,-0.0211675411
Rv3290c,-0.0055519257
Rv3291c,0.00030310280000000003
Rv3292,-0.0286981278
Rv3293,-0.012856746
Rv3294c,0.0419334093
Rv3295,0.0024713527000000002
Rv3296,-0.0053332818
Rv3297,-0.0037032893000000003
Rv3298c,-0.0101763161
Rv3299c,0.0039114769
Rv3300c,0.0092488419
Rv3301c,0.0050507673
Rv3302c,-0.0052138607000000005
Rv3303c,0.0031026661
Rv3304,0.0163776692
Rv3305c,-0.0059712448
Rv3306c,-0.0082076218
Rv3307,0.0024582678
Rv3308,-0.0186277254
Rv3309c,-0.0068963939000000005
Rv3310,4.8802e-06
Rv3311,0.0019246157
Rv3312c,-0.0010081207
Rv3312b,0.0100807239
Rv3312A,-0.01530692
Rv3313c,0.014587483100000001
Rv3314c,-0.0033662047
Rv3315c,0.019487510200000002
Rv3316,-0.0052890588
Rv3317,-0.0055558936
Rv3318,-0.0069143338
Rv3319,-0.0102206801
Rv3320c,-0.0018379846
Rv3321c,0.0140589931
Rv3322c,-0.013147784000000001
Rv3323c,-0.0076271782
Rv3324c,-0.0069980217
Rv3327,0.007759358300000001
Rv3328c,-0.0041553359
Rv3329,0.0031721062
Rv3330,0.014545565600000001
Rv3331,-0.0017247907000000002
Rv3332,-0.0125157359
Rv3333c,0.007606491900000001
Rv3334,0.0035449457
Rv3335c,0.0066152074
Rv3336c,-0.0022386713
Rv3339c,0.0010428545000000001
Rv3340,-0.012026646600000001
Rv3341,-0.0072753685000000005
Rv3342,-0.0018826015
Rv3343c,-0.0120858667
Rv3344c,0.007760619000000001
Rv3345c,-0.0126979143
Rv3346c,-0.0191487509
Rv3347c,-0.0054609773
Rv3348,0.0012774173
Rv3349c,-0.0161620346
Rv3350c,0.0005518215
Rv3351c,-0.021693204
Rv3352c,-0.0061369942
Rv3353c,0.0163864622
Rv3354,0.007727804400000001
Rv3355c,0.008601029500000001
Rv3356c,-0.0006157824000000001
Rv3357,-0.0052879908000000005
Rv3358,0.0018728632
Rv3359,0.006137277500000001
Rv3360,0.0017703742
Rv3361c,0.0095188667
Rv3362c,0.007333088000000001
Rv3363c,-0.0094390358
Rv3364c,0.0150505323
Rv3365c,0.0020408322
Rv3366,0.0173643048
Rv3367,-0.0008771963
Rv3368c,0.020660914000000002
Rv3369,0.0133443343
Rv3370c,-0.00102662
Rv3371,0.004617711
Rv3372,0.0041227474000000005
Rv3373,0.014188752700000001
Rv3375,0.008166441
Rv3376,0.0010077319
Rv3377c,-0.0023972934
Rv3378c,0.0031511189
Rv3379c,-0.0042022724
Rv3382c,-0.0044491768
Rv3383c,-0.0005814547
Rv3384c,-0.0140224365
Rv3385c,-2.24072e-05
Rv3386,0.0050020802
Rv3387,0.0011591535
Rv3388,-0.007847627000000001
Rv3389c,-0.0055580408000000005
Rv3390,0.0045939058
Rv3391,0.0053368265
Rv3392c,0.0057373475
Rv3393,-0.0059789477
Rv3394c,0.0012810166
Rv3395c,-0.0147602086
Rv3395A,-0.013734100400000001
Rv3396c,-0.0037970363000000003
Rv3397c,0.0087613326
Rv3398c,0.0231211755
Rv3399,0.0112183314
Rv3400,0.0010634183
Rv3401,0.0039306486
Rv3402c,-0.0011534118
Rv3403c,-0.0020653239
Rv3404c,-0.0005255995
Rv3405c,0.0035433882000000002
Rv3406,-0.0018573319000000001
Rv3407,-0.006176465000000001
Rv3408,0.0009733478
Rv3409c,0.0007078071
Rv3410c,0.006717093600000001
Rv3411c,0.0001831209
Rv3412,0.011857613900000001
Rv3413c,0.0016405454000000001
Rv3414c,-0.0023768696
Rv3415c,0.0479374681
Rv3416,-0.0014758504
Rv3417c,0.0024314382000000002
Rv3418c,0.003042681
Rv3419c,-0.0036112429
Rv3420c,0.0150700018
Rv3421c,0.004008282
Rv3422c,-0.011739725900000001
Rv3423c,0.003091051
Rv3424c,0.0032658030000000003
Rv3425,-0.0023810651
Rv3426,0.00037311610000000003
Rv3427c,0.0006480378
Rv3428c,-0.0004055029
Rv3429,-0.010562881500000001
Rv3430c,0.0005824162000000001
Rv3430a,-0.0464296481
Rv3432c,0.0052213362
Rv3433c,0.0021009068
Rv3434c,0.0023948727
Rv3435c,-0.007961461900000001
Rv3436c,-0.0066678218
Rv3437,-0.0005600366000000001
Rv3438,-0.007214251400000001
Rv3439c,0.0165445283
Rv3440c,0.020558884000000003
Rv3441c,-0.0027655795
Rv3442c,-0.009247604100000001
Rv3443c,-0.0146906827
Rv3444c,0.0048380075
Rv3445c,0.0047757219
Rv3446c,-0.0225543161
Rv3447c,-0.0186300601
Rv3448,0.0008664602000000001
Rv3449,-0.0189124368
Rv3450c,0.007413241
Rv3451,-0.0126543329
Rv3452,-0.0027812825
Rv3455c,0.0022583679
Rv3456c,0.0128058909
Rv3457c,0.004823029600000001
Rv3458c,0.0017800522000000001
Rv3459c,0.0020671436000000002
Rv3460c,-0.0060530294
Rv3461c,0.0199986188
Rv3462c,0.0029201901
Rv3463,0.0066340239
Rv3464,-0.008334304
Rv3465,-0.0065509813000000005
Rv3466,-0.0015199776
Rv3467,0.038976886100000004
Rv3468c,-0.0125114295
Rv3469c,-0.0127090449
Rv3470c,-0.0199136774
Rv3471c,0.0420341891
Rv3472,-0.0024826212
Rv3473c,0.0255186557
Rv3477,-0.0028245985
Rv3478,7.191040000000001e-05
Rv3479,0.004743822
Rv3480c,-0.0012071830000000001
Rv3481c,0.0049221876
Rv3482c,-0.0067306256
Rv3483c,-0.0102326554
Rv3484,0.0035893746
Rv3485c,0.023743985000000002
Rv3486,0.0066333344
Rv3487c,0.0054635573000000005
Rv3488,0.0089322069
Rv3489,0.0029897141
Rv3490,0.0001220104
Rv3491,0.0040297658000000005
Rv3492c,0.00856323
Rv3493c,-0.0011874184000000001
Rv3494c,0.0046850769000000006
Rv3495c,0.0030277284
Rv3496c,-0.0051688295
Rv3497c,-0.0028262171000000003
Rv3498c,-0.0016193694
Rv3499c,0.0013041013
Rv3500c,0.0070065132
Rv3501c,-0.0038732225
Rv3502c,-0.0103128503
Rv3503c,0.0169384764
Rv3504,0.0103900299
Rv3505,0.014368411900000001
Rv3506,0.0169502831
Rv3507,-0.0116568237
Rv3508,0.0016906671000000001
Rv3509c,-0.0044914180000000005
Rv3510c,0.0044906087
Rv3511,-0.0059506318
Rv3512,0.024993111000000002
Rv3513c,-0.0035301636
Rv3514,0.0038491871
Rv3515c,0.0084469818
Rv3516,0.0112565188
Rv3517,0.020341019300000002
Rv3518c,0.0144905033
Rv3519,-0.0073415288
Rv3520c,0.0148666475
Rv3521,0.0104280381
Rv3522,0.0021606136000000002
Rv3523,-0.0054051117000000004
Rv3524,0.0028401055
Rv3525c,0.0028025084
Rv3526,0.0065083908000000005
Rv3527,0.0105495812
Rv3528c,0.0017616056
Rv3529c,-0.0152944275
Rv3530c,-0.0031642473
Rv3531c,-0.0096523982
Rv3532,0.0196300322
Rv3533c,0.0026119617
Rv3534c,-0.0050550622
Rv3535c,-0.0125677611
Rv3536c,-0.0038278614000000002
Rv3537,0.0116470623
Rv3538,0.0012947062000000001
Rv3539,0.0069547564000000004
Rv3540c,-0.004199361
Rv3541c,-0.0033937441000000002
Rv3542c,-0.0034884766
Rv3543c,-0.0047603812
Rv3544c,0.0054870119
Rv3545c,-0.0009931302000000001
Rv3546,0.0013637323
Rv3547,0.0023688658000000002
Rv3548c,-0.0097991274
Rv3549c,0.0025345144
Rv3550,0.008501704
Rv3551,0.0046281872
Rv3552,-0.010940944000000001
Rv3553,-0.006683838
Rv3554,-0.0029959639000000002
Rv3555c,-0.0067211916
Rv3556c,0.0023252341000000003
Rv3557c,-0.0002865594
Rv3558,0.0009564316000000001
Rv3559c,-0.0338031452
Rv3560c,-0.006181268
Rv3561,0.008340623200000001
Rv3562,0.012947303200000001
Rv3563,0.0045455624000000005
Rv3564,-0.0066925561
Rv3565,-0.0051087091
Rv3566c,-0.0028215184
Rv3566A,-0.0131992996
Rv3567c,0.0027522491
Rv3568c,-0.004796515800000001
Rv3569c,0.0027120973000000002
Rv3570c,0.0006761836
Rv3571,-0.0101722281
Rv3572,-0.0094470283
Rv3573c,-0.0008219405
Rv3574,0.0042805631
Rv3575c,0.0053574304
Rv3576,0.0005611133
Rv3577,0.0085952891
Rv3578,0.0185310459
Rv3579c,-0.0080485978
Rv3580c,-0.0079477093
Rv3581c,0.0061770892
Rv3582c,0.0061687647
Rv3583c,0.0062650106
Rv3584,-0.0027544224
Rv3585,-0.0082582917
Rv3586,0.0066476442
Rv3587c,0.005867444800000001
Rv3588c,-0.0043872099
Rv3589,-0.0030599278000000003
Rv3590c,0.0125193117
Rv3591c,0.0304475918
Rv3592,0.0048570315
Rv3593,0.0033523408
Rv3594,0.013453778000000001
Rv3595c,0.0067659202
Rv3596c,0.0039091437
Rv3597c,0.0058107282
Rv3598c,-0.011634951400000001
Rv3600c,0.008076498100000001
Rv3601c,0.0035633677000000002
Rv3602c,0.0101762495
Rv3603c,0.007840248900000001
Rv3604c,0.0106803565
Rv3605c,0.0095059092
Rv3606c,0.0093047548
Rv3607c,0.020326503500000002
Rv3608c,-0.0017768173
Rv3609c,-0.00019809650000000002
Rv3610c,0.0014980469000000001
Rv3612c,-0.002032616
Rv3613c,-0.0069794869
Rv3614c,-0.006352090800000001
Rv3615c,-0.0023924346
Rv3616c,-0.0047473772
Rv3617,-0.0042991071
Rv3618,0.0008355215
Rv3619c,0.0066190446
Rv3620c,-0.0031614244
Rv3621c,-0.0020434096
Rv3622c,0.0161681954
Rv3623,-0.0048003208000000006
Rv3624c,0.0095381072
Rv3625c,-0.0061779543
Rv3626c,-0.013020930200000001
Rv3627c,0.0007995305000000001
Rv3628,-0.0024809689
Rv3629c,0.0009730421000000001
Rv3630,-0.0055089276000000005
Rv3631,-0.0022097387
Rv3632,-0.006091891800000001
Rv3633,-0.0038686716
Rv3634c,-0.0029814988000000002
Rv3635,-0.0086208255
Rv3638,-0.061882
Rv3639c,0.0264419265
Rv3640c,-0.0053137159
Rv3641c,-0.0023311444
Rv3642c,0.0178331862
Rv3643,0.002344979
Rv3644c,0.0052889688
Rv3645,-0.0047500256
Rv3646c,-0.00048536300000000005
Rv3647c,-0.0085875754
Rv3648c,-0.0081151469
Rv3649,0.0030069949
Rv3650,-0.0437730052
Rv3651,-0.0052466578
Rv3652,-0.0144377323
Rv3653,0.0125270007
Rv3654c,0.028109168700000003
Rv3655c,0.007764939100000001
Rv3656c,-0.0121398324
Rv3657c,-0.0028294483
Rv3658c,-0.0015577611
Rv3659c,-0.0130814539
Rv3660c,0.0055846518
Rv3661,-0.0029004394
Rv3662c,0.019846005
Rv3663c,0.0076623431
Rv3664c,0.0165053577
Rv3665c,0.0071150094
Rv3666c,0.0040070991000000005
Rv3667,0.0047078924
Rv3668c,0.012211345200000001
Rv3669,-0.0135686451
Rv3670,-0.016256558600000002
Rv3671c,-0.0059959033
Rv3672c,-0.0049776855000000005
Rv3673c,0.0035859793
Rv3674c,-0.0031288327
Rv3675,-0.0031400209
Rv3676,-0.0094219805
Rv3677c,0.001173283
Rv3678c,-0.016932595800000002
Rv3678A,0.0139563117
Rv3679,0.0092265464
Rv3680,0.0050808639000000004
Rv3681c,0.016144541800000002
Rv3682,0.0015716617
Rv3683,-0.0023343867
Rv3684,0.0041924645000000005
Rv3685c,0.0069628822
Rv3686c,0.0068319516
Rv3687c,0.0116882374
Rv3688c,0.0120807336
Rv3689,0.0054777303
Rv3690,0.0033705012
Rv3691,-0.0052924352
Rv3692,-0.0005830276000000001
Rv3693,-0.007173933
Rv3694c,0.0068221652
Rv3695,0.0086318533
Rv3696c,0.0023819015000000002
Rv3697c,0.0004564269
Rv3697A,0.0237653593
Rv3698,0.0032942165
Rv3699,-0.009168277800000001
Rv3700c,-0.0038055941000000003
Rv3701c,-0.0096634916
Rv3702c,-0.0060960336
Rv3703c,-0.0011712318
Rv3704c,0.0016553716
Rv3705c,0.0092706981
Rv3705A,0.0058474116000000005
Rv3706c,-0.0097097251
Rv3707c,-0.0046993784
Rv3708c,-0.0007640055000000001
Rv3709c,0.0054876243000000005
Rv3710,0.0072446289
Rv3711c,0.003930897300000001
Rv3712,-0.0134417565
Rv3713,0.0053737239
Rv3714c,0.0009068565
Rv3715c,0.0015364086000000002
Rv3716c,-0.002050765
Rv3717,-0.009703948300000001
Rv3718c,0.0026437565
Rv3719,0.0011465832000000001
Rv3720,-0.0040555553
Rv3721c,0.0005711895
Rv3722c,0.0010693066
Rv3723,0.0012683234
Rv3725,0.0038611528000000003
Rv3726,0.0045730522
Rv3727,0.0019980445
Rv3728,-0.0030313392
Rv3729,-0.0032622402
Rv3730c,0.0035427854000000003
Rv3731,7.67408e-05
Rv3732,0.0007426213
Rv3733c,-0.007439327700000001
Rv3734c,-0.009983931000000001
Rv3735,-0.0046287093000000005
Rv3736,-0.0024004956
Rv3737,-0.0096090262
Rv3738c,0.0064202329
Rv3739c,-0.0332198947
Rv3740c,-0.0100447845
Rv3741c,-0.0066212716
Rv3742c,0.0025448046
Rv3743c,0.0033710963
Rv3744,0.0094490504
Rv3745c,0.0500150105
Rv3746c,0.0079983284
Rv3747,-0.008536798200000001
Rv3748,-0.0092746428
Rv3749c,-0.0040698883
Rv3750c,0.0065169674
Rv3752c,0.0017340403000000002
Rv3753c,-0.0013367386
Rv3754,-0.020524616000000002
Rv3755c,0.0026632745
Rv3756c,-0.0165833334
Rv3757c,0.0026403351
Rv3758c,0.0024585083
Rv3759c,0.0007509475
Rv3760,0.007364139600000001
Rv3761c,0.006115651000000001
Rv3762c,-0.012183638600000001
Rv3763,0.0032292872
Rv3764c,-0.0001551523
Rv3765c,0.003331159
Rv3766,0.011766151
Rv3767c,0.0047968819
Rv3768,-0.0029576232
Rv3769,-0.013150229400000001
Rv3770c,0.0049409778
Rv3771c,-0.0084817198
Rv3772,0.0055782972
Rv3773c,-0.0115363192
Rv3774,-0.0073610651000000004
Rv3775,-0.0080325
Rv3776,-0.0106197354
Rv3777,0.0030284070000000003
Rv3778c,0.0023057263000000002
Rv3779,-0.0007775007
Rv3780,-0.0051244145000000005
Rv3781,-0.0045111508000000005
Rv3782,-0.0019350321
Rv3783,0.0045711743
Rv3784,0.002611031
Rv3785,-0.0045865609
Rv3786c,-0.005290007
Rv3787c,-0.005832534
Rv3788,-0.0029448109000000003
Rv3789,0.0001754533
Rv3790,-0.0045167487
Rv3791,0.0035837746000000003
Rv3792,-0.0005415018000000001
Rv3793,0.008168033
Rv3794,-0.0044906658
Rv3795,0.0063064274
Rv3796,0.0247733252
Rv3797,-0.0049069659
Rv3798,-0.008048779800000001
Rv3799c,0.0038627218000000002
Rv3800c,-0.0001802026
Rv3801c,0.0050248538
Rv3802c,-0.0017471790000000002
Rv3803c,0.005184071
Rv3804c,-0.0044961582
Rv3805c,0.0050742621
Rv3806c,0.0029876113
Rv3807c,0.0050105283
Rv3808c,0.0010647514
Rv3809c,0.0039140833
Rv3810,0.0040304903
Rv3811,0.0110794888
Rv3812,-0.0006579955
Rv3813c,0.0022892439
Rv3814c,0.0095409172
Rv3815c,0.0074301294
Rv3816c,-5.6076e-06
Rv3817,0.0284270052
Rv3818,-0.0013646381
Rv3819,0.0044986585
Rv3820c,-0.0053442861
Rv3821,-0.0026550979000000002
Rv3822,0.0091859308
Rv3823c,0.0127517905
Rv3824c,0.010683386500000001
Rv3825c,0.0115495337
Rv3826,0.0041592529
Rv3827c,-0.010389743600000001
Rv3828c,0.0043590293
Rv3829c,0.0014817647
Rv3830c,-0.0020364738000000003
Rv3831,0.0100132286
Rv3832c,-0.0013794037
Rv3833,0.0059772096
Rv3834c,-0.0003512402
Rv3835,0.0035328777
Rv3836,-0.0028258864000000002
Rv3837c,0.0059680679
Rv3838c,0.0060412884
Rv3839,0.038796409500000004
Rv3840,-0.0143920238
Rv3841,-0.0351736421
Rv3842c,-0.0079680863
Rv3843c,0.0007357510000000001
Rv3844,0.0026670353
Rv3845,-0.0060819276
Rv3846,-0.0147566504
Rv3847,-0.0027027627000000003
Rv3848,-0.0189815418
Rv3849,-0.0012560355000000001
Rv3850,-0.014890305900000001
Rv3851,-0.0095679372
Rv3852,0.011917109300000001
Rv3853,-0.0073803403000000005
Rv3854c,-0.0259827548
Rv3855,-0.0189494218
Rv3856c,0.00477983
Rv3857c,-0.0007047166000000001
Rv3858c,-0.0007924174
Rv3859c,-0.0008108862
Rv3860,-0.006528747200000001
Rv3861,0.005882409700000001
Rv3862c,0.3228257932
Rv3863,0.0811503096
Rv3864,0.044448845800000004
Rv3865,0.0291137497
Rv3866,0.020653258100000002
Rv3867,0.0108834731
Rv3868,0.0090562373
Rv3869,0.0063121899
Rv3870,0.0075643954
Rv3871,0.010870108100000001
Rv3872,0.023285139200000003
Rv3873,0.017338662300000002
Rv3874,-0.006922656300000001
Rv3875,0.0043657175000000005
Rv3876,0.0025930826000000002
Rv3877,-0.0054356937
Rv3878,0.0240801304
Rv3879c,-0.0320209946
Rv3880c,0.6355712069
Rv3881c,0.0139284769
Rv3882c,-0.0031258056
Rv3883c,0.0204212257
Rv3884c,0.0048488986
Rv3885c,0.0057987721
Rv3886c,-0.0060917155
Rv3887c,-0.0076796381
Rv3888c,0.0052834710000000005
Rv3889c,-0.0050867351
Rv3890c,-0.0002954225
Rv3891c,0.0105199343
Rv3892c,0.0068248773000000006
Rv3893c,0.0006824078000000001
Rv3894c,0.0049964856
Rv3895c,0.008227960900000001
Rv3896c,-0.0099918238
Rv3897c,0.012568471000000001
Rv3898c,-0.0002889137
Rv3899c,-0.0160347555
Rv3900c,0.0007732434
Rv3901c,0.0050911201
Rv3902c,0.0192793024
Rv3903c,0.0001664051
Rv3904c,0.0109938476
Rv3905c,0.002915013
Rv3906c,-0.0091032378
Rv3907c,0.0077361734
Rv3908,-0.0077609147000000005
Rv3909,0.0028842544000000003
Rv3910,0.002842041
Rv3911,-0.0085626721
Rv3912,-0.0107641954
Rv3913,-0.0080138208
Rv3914,-0.013015989300000001
Rv3915,-0.0096756523
Rv3916c,0.0073793329000000005
Rv3917c,0.0023410251
Rv3918c,0.0011348463
Rv3919c,0.002030116
Rv3920c,-0.0002894203
Rv3921c,-0.008778552200000001
Rv3922c,-0.0098146198
Rv3923c,-0.0081337496
Rv3924c,-0.0112444077
