,condition,A_avg,A_std,n,rep1_idx,rep1_A,rep2_idx,rep2_A,rep3_idx,rep3_A,rep4_idx,rep4_A,rep5_idx,rep5_A,rep6_idx,rep6_A
0,AX__AX_10_MIC,-0.25176221735000004,1.0349934935172467,2.0,0.0,0.4800887004,1.0,-0.9836131351,,,,,,,,
1,AX__AX_30_MIC,-0.058177623700000014,1.0651002677929464,2.0,2.0,0.6949619983,3.0,-0.8113172457000001,,,,,,,,
2,AX__QZ_10_MIC,-0.35808066335,1.096259571643813,2.0,4.0,0.41709191370000004,5.0,-1.1332532404,,,,,,,,
3,AX__QZ_30_MIC,0.27549266475,0.7716812755413879,2.0,6.0,-0.2701683981,7.0,0.8211537276,,,,,,,,
4,AX__wt,0.0,0.586024461828317,2.0,8.0,-0.4143818709,9.0,0.4143818709,,,,,,,,
5,ITM_04__00h_clinic_ctrl,6.57381818795,0.07122511732314044,2.0,10.0,6.6241819514,11.0,6.5234544245,,,,,,,,
6,ITM_04__00h_h37rv_control,3.333331758762862e-11,0.5061401731003798,3.0,12.0,0.0831000529,13.0,-0.5425476918000001,14.0,0.459447639,,,,,,
7,ITM_04__06h_clinic_delam,-0.04816631429999999,0.08134957685559853,3.0,15.0,-0.122501934,16.0,-0.060731947800000005,17.0,0.0387349389,,,,,,
8,ITM_04__06h_clinic_DMSO,7.6173931405,0.21840865141391613,3.0,18.0,7.4709603272,19.0,7.8684308406,20.0,7.5127882537,,,,,,
9,ITM_04__06h_h37rv_delam,-4.632339980166667,0.46338526223417004,3.0,21.0,-4.107048111,22.0,-4.8067972511,23.0,-4.9831745784,,,,,,
10,ITM_04__06h_h37rv_DMSO,1.0202776241,0.29157225360568634,3.0,24.0,1.0035620932,25.0,1.319848065,26.0,0.7374227141,,,,,,
11,ITM_04__24h_clinic_delam,-0.30031975843333336,0.5670096885997779,3.0,27.0,-0.6550101890000001,28.0,0.3536238316,29.0,-0.5995729179,,,,,,
12,ITM_04__24h_clinic_DMSO,9.775629234,0.36103826068126144,3.0,30.0,9.3592871718,31.0,9.9652775464,32.0,10.0023229838,,,,,,
13,ITM_04__24h_h37rv_delam,-2.3159224168666666,0.9115016462081638,3.0,33.0,-1.2675671356,34.0,-2.9210238131,35.0,-2.7591763019,,,,,,
14,ITM_04__24h_h37rv_DMSO,7.105473432949999,0.0862290954807206,2.0,36.0,7.1664466111,37.0,7.0445002548,,,,,,,,
15,JSF__DMSO,6.938893903907228e-18,0.2728558579237935,4.0,38.0,0.32372688110000003,39.0,0.126758625,40.0,-0.2027092286,41.0,-0.2477762775,,,,
16,JSF__JSF_2019,-10.00276891935,1.1107684220815128,4.0,42.0,-9.8083711849,43.0,-11.5544356643,44.0,-9.7333224592,45.0,-8.914946369,,,,
17,JSF__JSF_2026,-7.5655520457,0.21412688625724427,4.0,46.0,-7.4287442728,47.0,-7.8851143561,48.0,-7.4714432195,49.0,-7.4769063344,,,,
18,MTS1338__over_expression,0.0,4.112397984955602,2.0,50.0,-2.9079045021,51.0,2.9079045021,,,,,,,,
19,PAS__control,3.333341010621401e-11,1.387189912175666,3.0,52.0,0.3153868844,53.0,1.2023411851,54.0,-1.5177280694,,,,,,
20,PAS__treated,-6.371690447766667,0.4752315681207895,3.0,55.0,-6.7146035779,56.0,-5.8292177345,57.0,-6.5712500309,,,,,,
21,THP-1__24h_THP_B_enriched,0.0,0.7722699155616428,2.0,58.0,-0.5460772942000001,59.0,0.5460772942000001,,,,,,,,
22,aminoimidazoles__02h_treated,-1.63953993345,0.14533640870697273,2.0,60.0,-1.5367715733,61.0,-1.7423082936,,,,,,,,
23,aminoimidazoles__24h_treated,-5.959107244549999,0.08923438740626864,2.0,62.0,-5.8960090041,63.0,-6.022205485,,,,,,,,
24,aminoimidazoles__00h_untreated,0.0,0.21332467289724785,3.0,64.0,0.032286624,65.0,-0.2276275821,66.0,0.19534095810000002,,,,,,
25,antibiotic__ctrl_24h,1.6509974082333336,0.6531583605168763,3.0,67.0,1.5960130036,68.0,1.0270693312,69.0,2.3299098899,,,,,,
26,antibiotic__ctrl_4h,0.0,0.585437249577093,3.0,70.0,0.6758020766,71.0,-0.3235679249,72.0,-0.3522341517,,,,,,
27,antibiotic__izd_4h,16.4905072648,0.009897167989616578,2.0,73.0,16.497505619400002,74.0,16.4835089102,,,,,,,,
28,base__wt_glu_24,2.8667922716333334,0.3318884510891335,3.0,75.0,2.6598311734999998,76.0,3.2496028618,77.0,2.6909427796000003,,,,,,
29,base__wt_glu_6,0.0,0.6226484531125834,3.0,78.0,-0.3458121046,79.0,-0.3729891642,80.0,0.7188012688000001,,,,,,
30,base__wt_llac_24,-0.18870352450000002,0.3361314614062659,3.0,81.0,0.18144978220000002,82.0,-0.4748952435,83.0,-0.2726651122,,,,,,
31,base__wt_llac_6,-5.7851778593,0.21775561090472684,3.0,84.0,-6.0021447092,85.0,-5.5666419668,86.0,-5.7867469019,,,,,,
32,base__wt_pyr_24,-5.2620564657,0.26118573010906304,3.0,87.0,-5.538929834,88.0,-5.0200638109,89.0,-5.2271757522,,,,,,
33,base__wt_pyr_6,-9.1674098199,0.7745782886036414,3.0,90.0,-9.8265466456,91.0,-8.3142714414,92.0,-9.3614113727,,,,,,
34,biofilm__biofilm,-7.4987073817,0.12190584108860238,2.0,93.0,-7.4125069348,94.0,-7.5849078286000005,,,,,,,,
35,biofilm__planktonic,0.0,0.004076115343093579,2.0,95.0,0.0028822488000000003,96.0,-0.0028822488000000003,,,,,,,,
36,btz043__0_days_.006,-0.119000434,0.11547108979969876,3.0,97.0,-0.150924155,98.0,0.0090740021,99.0,-0.2151511491,,,,,,
37,btz043__0_days_control,0.0,0.10596337357444836,3.0,100.0,0.0066714445,101.0,-0.109141466,102.0,0.10247002150000001,,,,,,
38,btz043__1_days_.006,-9.6554244402,0.11019178615912131,4.0,103.0,-9.6238233544,104.0,-9.8072750713,105.0,-9.5446071146,106.0,-9.6459922205,,,,
39,btz043__1_days_control,-6.051163714425,0.06193649160113399,4.0,107.0,-6.1274316136,108.0,-6.0234191515,109.0,-5.983632099,110.0,-6.0701719936,,,,
40,clarithromycin__1_days_control,-4.625929269271485e-18,0.21663956091422001,3.0,111.0,0.2500604373,112.0,-0.1309490552,113.0,-0.11911138210000001,,,,,,
41,cnpB__del,0.3585328162333334,0.9513574638507782,3.0,114.0,-0.08940716,115.0,-0.2861705274,116.0,1.4511761361,,,,,,
42,cnpB__wt,0.0,0.5834398387410203,3.0,117.0,-0.6631324614,118.0,0.2286412609,119.0,0.4344912005,,,,,,
43,csoR__ko,0.41416682385000003,0.7339641824380706,2.0,120.0,-0.10482422670000001,121.0,0.9331578744000001,,,,,,,,
44,csoR__wt,0.0,0.008861459494824047,2.0,122.0,0.0062659981000000005,123.0,-0.0062659981000000005,,,,,,,,
45,dap__0_days_25,-0.42684918025,0.15568332822214093,4.0,124.0,-0.5211479884,125.0,-0.5902881932,126.0,-0.34209901670000004,127.0,-0.2538615227,,,,
46,dap__0_days_control,0.0,0.3228059030469836,4.0,128.0,-0.3092493765,129.0,-0.009625746400000001,130.0,0.4475716008,131.0,-0.1286964779,,,,
47,dap__1_days_25,-3.2889467329000004,0.17838601903910803,4.0,132.0,-3.3403157187,133.0,-3.3707546604,134.0,-3.4189102548,135.0,-3.0258062977,,,,
48,dap__1_days_control,-3.2285221901,0.10656905713851764,4.0,136.0,-3.1482350302,137.0,-3.3109843709,138.0,-3.1253991781,139.0,-3.3294701812,,,,
49,degradosome__mutant_rnj,5.0889740540999995,0.2914700901784743,3.0,140.0,5.0362202311,141.0,4.827483654,142.0,5.4032182772,,,,,,
50,degradosome__PNPase_ko,-6.9257158106666665,0.22820628893676548,3.0,143.0,-6.6706331929000005,144.0,-7.1105087911,145.0,-6.996005448,,,,,,
51,degradosome__Rnase_E_ko,13.7945045123,1.9674043741425495,3.0,146.0,14.0768150756,147.0,11.7011951561,148.0,15.6055033052,,,,,,
52,degradosome__wt_cas9_ctrl,1.5368820196333335,0.7298478374642066,3.0,149.0,1.3008034507000001,150.0,0.9542944078000001,151.0,2.3555482004,,,,,,
53,degradosome__wt_expn,-3.33333360913457e-11,0.14037424314521768,3.0,152.0,-0.0784492118,153.0,-0.0836135764,154.0,0.1620627881,,,,,,
54,delam__0_days_.09,-0.7565436009000001,0.23328090572602397,4.0,155.0,-0.9392458026,156.0,-0.8929991316,157.0,-0.7706439037,158.0,-0.42328556570000003,,,,
55,delam__0_days_control,-2.5000002068509275e-11,0.12495576619045806,4.0,159.0,0.0057746974,160.0,0.12200438150000001,161.0,0.0451051112,162.0,-0.1728841902,,,,
56,delam__1_days_.09,0.652416276775,0.1641612805498869,4.0,163.0,0.4718526968,164.0,0.6069849786,165.0,0.8670078258,166.0,0.6638196059,,,,
57,delam__1_days_control,0.9387164110000001,0.15012141381364696,4.0,167.0,1.1203953092,168.0,0.8516800952,169.0,0.9975746026000001,170.0,0.7852156370000001,,,,
58,dg_inh__both,-2.271333821733333,0.4225979933875242,3.0,171.0,-2.1619248645,172.0,-1.9141993463,173.0,-2.7378772544,,,,,,
59,dg_inh__dg,-1.9662722446,0.4947207916435584,3.0,174.0,-2.0996196433,175.0,-1.4185449982,176.0,-2.3806520923,,,,,,
60,dg_inh__DMSO,-3.333335459506278e-11,0.6452742463301971,3.0,177.0,-0.2425516437,178.0,0.7314031676,179.0,-0.48885152400000004,,,,,,
61,dg_inh__inh,-2.9849691623,0.2687339636822467,3.0,180.0,-2.7916355609,181.0,-3.2918371337,182.0,-2.8714347923,,,,,,
62,dormancy__dormant_20d_rifampicin,-0.5094211940333334,0.23571773515929306,3.0,183.0,-0.5318159546,184.0,-0.263305303,185.0,-0.7331423245,,,,,,
63,dormancy__dormant_no_treatment,0.0,0.15111348535345473,3.0,186.0,0.15125950200000002,187.0,-0.00029245780000000004,188.0,-0.1509670442,,,,,,
64,eccE1__control,0.0,0.2660256305056896,2.0,189.0,-0.1881085273,190.0,0.1881085273,,,,,,,,
65,eccE1__delta_eccE1,0.39282420845,0.1690713042652325,2.0,191.0,0.5123756742,192.0,0.2732727427,,,,,,,,
66,eccE1__delta_eccE1_eccE1_HA_comp,0.47604291870000004,0.2594914381843448,2.0,193.0,0.6595310743,194.0,0.2925547631,,,,,,,,
67,eccE1__delta_eccE1_empty_vector,-0.70748223195,0.20338521702291382,2.0,195.0,-0.8512972981,196.0,-0.5636671658,,,,,,,,
68,eccE1__delta_eccE1_myc_p1_HA_comp,1.39109344965,0.22386811237246204,2.0,197.0,1.2327947893,198.0,1.5493921099999999,,,,,,,,
69,eccE1__delta_eccE1_mycP1_eccE1_comp,0.1866386143,0.15828358513574003,2.0,199.0,0.2985620107,200.0,0.0747152179,,,,,,,,
70,emb__0_days_2.45,1.099383712375,0.21874655831308754,4.0,201.0,0.9444797250000001,202.0,0.9180543419,203.0,1.3902769138,204.0,1.1447238688,,,,
71,emb__0_days_control,-3.469446951953614e-18,0.11203245338290058,4.0,205.0,-0.057209113000000006,206.0,0.035598459400000004,207.0,0.1390242192,208.0,-0.1174135656,,,,
72,emb__1_days_2.45,-6.247314471825,0.1485287473002015,4.0,209.0,-6.1222500151,210.0,-6.1165946706,211.0,-6.3559609747,212.0,-6.3944522269,,,,
73,emb__1_days_control,-5.628081830125,0.22679907971452803,4.0,213.0,-5.6629976221,214.0,-5.4726863342,215.0,-5.9349883757,216.0,-5.4416549885,,,,
74,espL__ko,-0.30431170550000003,0.46622898149385184,2.0,217.0,0.0253619689,218.0,-0.6339853799,,,,,,,,
75,espL__wt,0.0,0.11039467556655513,2.0,219.0,0.0780608237,220.0,-0.0780608237,,,,,,,,
76,esx_1__ko,-0.45915771990000004,0.2559781352913485,2.0,221.0,-0.6401615952,222.0,-0.27815384460000003,,,,,,,,
77,esx_1__wt,4.625929269271485e-18,0.21440836343659372,3.0,223.0,0.2460497272,224.0,-0.1468071074,225.0,-0.0992426198,,,,,,
78,genotoxic__control,0.0,0.44044418903378646,2.0,226.0,-0.3114410728,227.0,0.3114410728,,,,,,,,
79,genotoxic__growth_supplement,-0.19351027345000002,0.450423571692455,2.0,228.0,-0.5120078354,229.0,0.1249872885,,,,,,,,
80,growth__tss_expnt,-10.140177723399999,1.3485903657223333,3.0,230.0,-10.9925515686,231.0,-8.5853677036,232.0,-10.842613898,,,,,,
81,growth__tss_starved,-20.32088503343333,1.3363756505525255,3.0,233.0,-20.8656354432,234.0,-21.298843833,235.0,-18.7981758241,,,,,,
82,growth__wt_expn,-3.3333345343204236e-11,0.39114217383801586,3.0,236.0,0.4184708942,237.0,-0.35638769200000003,238.0,-0.0620832023,,,,,,
83,hs2__treated,-2.250984240466667,0.2536956680752672,3.0,239.0,-2.2352649719,240.0,-2.0055137138,241.0,-2.5121740357,,,,,,
84,hs2__untreated,-7.401486830834377e-17,1.5026925224554661,3.0,242.0,1.0834401044,243.0,0.6320358731,244.0,-1.7154759775000001,,,,,,
85,hypoxia__000h_.81_DO,1.850371707708594e-17,0.42865217565822405,3.0,245.0,0.015937703600000002,246.0,0.42046104900000003,247.0,-0.4363987526,,,,,,
86,hypoxia__017h_.57_DO,3.2054535335,0.6399913052915556,3.0,248.0,3.3884365051,249.0,2.4939001194,250.0,3.734023976,,,,,,
87,hypoxia__023h_.42_DO,5.332805781399999,0.8892802685965291,2.0,251.0,5.9616218897,252.0,4.7039896731,,,,,,,,
88,hypoxia__040h_.11_DO,6.3789786539,0.4865666878808115,2.0,253.0,6.7230332584,254.0,6.0349240494,,,,,,,,
89,hypoxia__041h_.09_DO,6.604270927833333,0.3626332347904992,3.0,255.0,6.7568175455,256.0,6.1902847083,257.0,6.8657105297,,,,,,
90,hypoxia__042h_.07_DO,5.39027385775,0.010278795004347342,2.0,258.0,5.3975420634,259.0,5.3830056521,,,,,,,,
91,hypoxia__043h_.06_DO,5.5852246499666665,0.8207945244659346,3.0,260.0,4.6403771312,261.0,5.9932199521000005,262.0,6.1220768666,,,,,,
92,hypoxia__044h_.04_DO,5.395954289633333,0.2962145871842978,3.0,263.0,5.0639676055,264.0,5.6332337652,265.0,5.4906614982,,,,,,
93,hypoxia__047h_0_DO,4.708058439466666,0.6431482338242229,3.0,266.0,4.04201358,267.0,4.7566026898,268.0,5.3255590486,,,,,,
94,hypoxia__049h_0_DO,4.4868759733,1.0649834465469543,3.0,269.0,4.5803797919,270.0,3.3782236363,271.0,5.5020244917,,,,,,
95,hypoxia__050h_0_DO,3.8438931328,1.4483017344289102,3.0,272.0,5.4338519958,273.0,2.5999136741,274.0,3.4979137285,,,,,,
96,hypoxia__052h_0_DO,-1.5605272863666668,0.9424323468323934,3.0,275.0,-0.5436567739,276.0,-2.4046104221,277.0,-1.7333146631,,,,,,
97,hypoxia__054h_0_DO,-1.33244941904,1.537685503830432,5.0,278.0,0.43081688830000003,279.0,-2.9402097510000003,280.0,-0.9174115205000001,281.0,-2.9270893077,282.0,-0.3083534043,,
98,hypoxia__070h_0_DO,-8.2173833475,0.7079167350934227,2.0,283.0,-7.7168106236,284.0,-8.7179560714,,,,,,,,
99,hypoxia__088h_0_DO,-7.23874092435,0.2077577922580319,2.0,285.0,-7.3856478681,286.0,-7.0918339806,,,,,,,,
100,hypoxia__114.5h_.04_DO,-8.5712041901,0.2348970978608278,3.0,287.0,-8.3635565984,288.0,-8.8261521231,289.0,-8.5239038488,,,,,,
101,hypoxia__115h_.06_DO,-8.553534691666668,0.17772744727424095,3.0,290.0,-8.3765050825,291.0,-8.7319518523,292.0,-8.5521471402,,,,,,
102,hypoxia__116h_.11_DO,-7.266973899033334,0.17706569735752128,3.0,293.0,-7.1162506277,294.0,-7.2226938497,295.0,-7.4619772197,,,,,,
103,hypoxia__120h_.47_DO,-1.6175538390666666,1.3080454001465853,3.0,296.0,-1.2105040297,297.0,-3.0807277458,298.0,-0.5614297417,,,,,,
104,kinase__DMSO_0h_F,-4.148197436966666,0.2242167377856223,3.0,299.0,-4.0923484539,300.0,-3.9571840062,301.0,-4.3950598508,,,,,,
105,kinase__DMSO_0h_H,-2.3832650506833333,0.5212439949945783,6.0,302.0,-1.9139733678000002,303.0,-2.4153232435,304.0,-2.9015417304,305.0,-3.0194326887,306.0,-2.3461393673,307.0,-1.7031799064
106,kinase__DMSO_0h_I,-1.3877787807814457e-17,0.2809482068135478,6.0,308.0,-0.04833075,309.0,-0.0401691276,310.0,0.1803099119,311.0,0.4528477949,312.0,-0.3213247778,313.0,-0.2233330514
107,kinase__pknD_T10_48h,-4.9690102596333325,0.31764025380077504,3.0,314.0,-4.7701130134,315.0,-5.3353394645,316.0,-4.801578301,,,,,,
108,kinase__pknL_T10_48h,-5.086222271866666,0.2681893694618662,3.0,317.0,-4.784833914,318.0,-5.2985551659,319.0,-5.1752777357,,,,,,
109,kinase__pknL_T4_48h,-16.7733497344,1.243598884025963,3.0,320.0,-17.3247764123,321.0,-15.3493835276,322.0,-17.6458892633,,,,,,
110,kinase__T10_12h_F,-5.477410539,0.2605352928983553,3.0,323.0,-5.5517562881,324.0,-5.1877833695,325.0,-5.6926919594,,,,,,
111,kinase__T10_12h_H,-4.968618889766667,0.36170032205792946,3.0,326.0,-4.6748583852,327.0,-5.3726094247,328.0,-4.8583888594,,,,,,
112,kinase__T10_12h_I,-2.2061492723000002,0.05049679631141862,2.0,329.0,-2.1704426452,330.0,-2.2418558994,,,,,,,,
113,kinase__T10_24h_F,-6.121537165066667,0.9365900700398748,3.0,331.0,-5.3566643512,332.0,-7.1661126384,333.0,-5.8418345056,,,,,,
114,kinase__T10_24h_H,-3.7968310247333332,0.425094761940974,3.0,334.0,-3.4243540385,335.0,-3.7062099367,336.0,-4.259929099,,,,,,
115,kinase__T10_24h_I,-2.71782711,0.3043430581147624,2.0,337.0,-2.9330301502,338.0,-2.5026240698,,,,,,,,
116,kinase__T10_48h_F,-7.1679459618,0.7137497344632674,3.0,339.0,-7.845227781,340.0,-6.4226040730000005,341.0,-7.2360060314,,,,,,
117,kinase__T10_48h_H,-5.0064590023,0.5329774558947945,3.0,342.0,-4.421711673,343.0,-5.1326463584,344.0,-5.4650189755,,,,,,
118,kinase__T10_48h_I,-3.6302820471333335,0.34548541240563285,3.0,345.0,-3.3212283194,346.0,-4.0032683242,347.0,-3.5663494978,,,,,,
119,kinase__T4 _48h_H,-13.092190387266669,0.3783500386208845,3.0,348.0,-13.328207356,349.0,-12.6557941761,350.0,-13.292569629700001,,,,,,
120,kinase__T4 20 _12h_I,-5.565928343966667,0.16035439798255488,3.0,351.0,-5.3895144516,352.0,-5.6054307022,353.0,-5.7028398781,,,,,,
121,kinase__T4_12h_F,-7.775077724666666,0.32563006603479866,3.0,354.0,-8.1248855834,355.0,-7.7195923298,356.0,-7.4807552608,,,,,,
122,kinase__T4_12h_H,-7.1399378083,0.11848004499277885,3.0,357.0,-7.2460050285,358.0,-7.1617362078,359.0,-7.0120721886,,,,,,
123,kinase__T4_24h_F,-9.9119846106,0.14239956566656137,3.0,360.0,-9.9896893355,361.0,-9.7476367578,362.0,-9.9986277385,,,,,,
124,kinase__T4_24h_H,-9.2572935058,0.23900051590690838,3.0,363.0,-9.4953389961,364.0,-9.2591922435,365.0,-9.0173492778,,,,,,
125,kinase__T4_24h_I,-8.6182315046,0.5139739518409734,2.0,366.0,-8.2547970379,367.0,-8.9816659713,,,,,,,,
126,kinase__T4_48h_F,-15.086440672,0.5165087447149043,3.0,368.0,-15.4062390094,369.0,-14.4905620876,370.0,-15.362520919,,,,,,
127,kinase__T4_48h_I,-12.193228063133333,0.8604970134838774,3.0,371.0,-13.1390331895,372.0,-11.9840386157,373.0,-11.4566123842,,,,,,
128,kinase__WT_T10_48h,-8.7778820182,5.542481764019814,5.0,374.0,-4.9853309397,375.0,-15.2498907729,376.0,-14.4245024906,377.0,-4.7879960357,378.0,-4.4416898521,,
129,kinase__WT_T4_48h,-14.242976963866667,1.5844933628341171,3.0,379.0,-12.4189762912,380.0,-15.0309394977,381.0,-15.2790151027,,,,,,
130,levofloxacin__control,0.0,1.3835423010349508,3.0,382.0,1.2001784058,383.0,0.31307460740000004,384.0,-1.5132530132,,,,,,
131,levofloxacin__treated,2.0563623766333334,0.5945921063072466,3.0,385.0,1.4129133726,386.0,2.5854990463,387.0,2.170674711,,,,,,
132,linez__0_days_4,-9.466181927175,0.20453750163518347,4.0,388.0,-9.6001043802,389.0,-9.561603253,390.0,-9.1615534224,391.0,-9.5414666531,,,,
133,linez__0_days_control,0.0,0.19878603225112493,4.0,392.0,-0.1610272262,393.0,0.2088084957,394.0,-0.1786087325,395.0,0.130827463,,,,
134,linez__1_days_4,-1.4614367703500002,0.11609918511015908,4.0,396.0,-1.5111432493999999,397.0,-1.5806295760000002,398.0,-1.3080816885,399.0,-1.4458925675,,,,
135,linez__1_days_control,2.8407191896999997,0.05682706455652753,3.0,400.0,2.7766574929,401.0,2.8604459933,402.0,2.8850540829,,,,,,
136,lipid__dextrose_exp,0.0,0.11369593792481296,2.0,403.0,0.0803951687,404.0,-0.0803951687,,,,,,,,
137,lipid__dextrose_hypo,-23.13654805065,0.26341269353611374,2.0,405.0,-23.3228089525,406.0,-22.9502871488,,,,,,,,
138,lipid__dextrose_stat,-23.95759093775,0.009890842565903375,2.0,407.0,-23.9505970559,408.0,-23.9645848196,,,,,,,,
139,lipid__lipid_exp,-4.7646628368,0.5964100438866266,2.0,409.0,-5.1863884232,410.0,-4.3429372504,,,,,,,,
140,lipid__lipid_stat,-11.24896087045,0.2128432353561243,2.0,411.0,-11.0984579754,412.0,-11.3994637655,,,,,,,,
141,mcr11__mcr11_mutant,-0.45595532536666666,0.5267152973591386,3.0,413.0,0.1509600042,414.0,-0.7252173541,415.0,-0.7936086262000001,,,,,,
142,mcr11__wt,0.0,0.975707141125952,3.0,416.0,0.028697494400000002,417.0,0.9610418236,418.0,-0.989739318,,,,,,
143,miceAV_macro__24h_control,0.0,0.07205652832971776,3.0,419.0,-0.0758648396,420.0,0.0083429308,421.0,0.0675219088,,,,,,
144,miceBMDM__inf02,-6.557927622333334,0.23825751117319108,3.0,422.0,-6.5107271971,423.0,-6.8162526345,424.0,-6.3468030354,,,,,,
145,miceBMDM__inf24,-2.949124569766667,0.48256603115588276,3.0,425.0,-3.2548726387,426.0,-2.3928170672,427.0,-3.1996840034,,,,,,
146,miceBMDM__inf08,-7.886780379066667,0.4182947350277488,3.0,428.0,-7.5235245332,429.0,-7.7927193864,430.0,-8.3440972176,,,,,,
147,miceBMDM__no_inf02,3.33333360913457e-11,0.32470033535680143,3.0,431.0,0.1582974392,432.0,0.2151924912,433.0,-0.3734899303,,,,,,
148,miceBMDM__no_inf24,-4.8728067965,0.06621422224258378,3.0,434.0,-4.8510705253,435.0,-4.820192855,436.0,-4.9471570092,,,,,,
149,miceBMDM__no_inf08,-6.485203346866666,0.2555750076232458,3.0,437.0,-6.4828954569,438.0,-6.2307900996,439.0,-6.7419244841,,,,,,
150,miceNF__control,0.0,0.3488155590674916,2.0,440.0,-0.24664984720000002,441.0,0.24664984720000002,,,,,,,,
151,miceNF__invivo,-10.596143116199999,0.6895826174731093,3.0,442.0,-9.9239586524,443.0,-11.3018976552,444.0,-10.562573041,,,,,,
152,mihF__mihF_mutant_atc,-3.0464332588,0.803639894029079,2.0,445.0,-3.6146924775000002,446.0,-2.4781740401,,,,,,,,
153,mihF__mihF_mutant_no_atc,3.4813606825,2.034119634500493,2.0,447.0,4.9197004698,448.0,2.0430208952,,,,,,,,
154,mihF__wt_atc,2.37598311155,1.9811477785565486,2.0,449.0,0.9751000828,450.0,3.7768661403,,,,,,,,
155,mihF__wt_no_atc,0.0,0.6643236586018145,2.0,451.0,0.4697477639,452.0,-0.4697477639,,,,,,,,
156,mmpl3__mutant_no_ATC,0.0,2.261854589650805,2.0,453.0,1.5993727184000002,454.0,-1.5993727184000002,,,,,,,,
157,mmpl3__mutant_with_ATC,-8.68963699425,0.21081406092564792,2.0,455.0,-8.8387050463,456.0,-8.5405689422,,,,,,,,
158,mrsI__ko_iron_atc,0.2125315633,2.523895524669242,2.0,457.0,1.9971952038,458.0,-1.5721320772,,,,,,,,
159,mrsI__ko_iron_no_atc,12.11692354025,2.8558262129256162,2.0,459.0,10.0975494592,460.0,14.1362976213,,,,,,,,
160,mrsI__ko_ox_atc,12.807200290299999,4.24396235794025,2.0,461.0,15.8081348527,462.0,9.8062657279,,,,,,,,
161,mrsI__ko_ox_no_atc,4.2425634617,2.0971809212628334,2.0,463.0,5.7254943125,464.0,2.7596326109,,,,,,,,
162,mrsI__ko_sds_atc,3.7258148976000003,1.8828443402365846,2.0,465.0,2.3944428967,466.0,5.0571868985,,,,,,,,
163,mrsI__ko_sds_no_atc,0.11739004154999999,2.105742464739818,2.0,467.0,1.6063748178,468.0,-1.3715947347,,,,,,,,
164,mrsI__wt_iron_atc,-0.044007544300000034,1.4048337985574086,2.0,469.0,-1.0373750497,470.0,0.9493599611,,,,,,,,
165,mrsI__wt_iron_no_atc,9.9911484829,1.6101512956635473,2.0,471.0,8.852599583,472.0,11.1296973828,,,,,,,,
166,mrsI__wt_ox_atc,10.1842278152,2.1449654314655233,2.0,473.0,8.6675082132,474.0,11.7009474172,,,,,,,,
167,mrsI__wt_ox_noatc,-0.06510593049999996,1.217846555869493,2.0,475.0,0.7960416276000001,476.0,-0.9262534886,,,,,,,,
168,mrsI__wt_sds_atc,-0.4730611174999999,1.828962627440581,2.0,477.0,-1.7663329938999999,478.0,0.8202107589000001,,,,,,,,
169,mrsI__wt_sds_no_atc,0.0,1.575654180448406,2.0,479.0,-1.1141557558,480.0,1.1141557558,,,,,,,,
170,nitrate__control,0.0,0.0005427666799574197,2.0,481.0,0.000383794,482.0,-0.000383794,,,,,,,,
171,p218__0_days_.1,0.45093421065000006,0.15393076048390972,4.0,483.0,0.4833162455,484.0,0.5558516208000001,485.0,0.2248008237,486.0,0.5397681526,,,,
172,p218__0_days_control,6.938893903907228e-18,0.27093834008310075,4.0,487.0,-0.0349762749,488.0,0.3913813206,489.0,-0.1442334475,490.0,-0.2121715982,,,,
173,p218__1_days_.1,-2.1655071909,0.15794918990008755,4.0,491.0,-2.3319378382,492.0,-2.0762877275,493.0,-2.2614448695,494.0,-1.9923583284,,,,
174,p218__1_days_control,-6.4891065253999995,0.16960017870481323,4.0,495.0,-6.2477612516,496.0,-6.6438630759,497.0,-6.545567649,498.0,-6.5192341251,,,,
175,patH-Cap__post_path_ctrl,4.5911986972,1.232414107721725,2.0,499.0,5.46264707,500.0,3.7197503244,,,,,,,,
176,patH-Cap__post_path_inh,-4.7373586409,0.04129090326500123,2.0,501.0,-4.7665557186,502.0,-4.7081615632,,,,,,,,
177,patH-Cap__pre_path_ctrl,0.0,0.41259464434839227,2.0,503.0,-0.2917484709,504.0,0.2917484709,,,,,,,,
178,patH-Cap__pre_path_inh,-9.04709042695,0.19014241629020534,2.0,505.0,-8.912639435,506.0,-9.1815414189,,,,,,,,
179,ppxx__double_mutant,0.0,0.151331566952926,2.0,507.0,0.10700757720000001,508.0,-0.10700757720000001,,,,,,,,
180,reactivation__day_1_reactivation,15.850021169400001,0.1719866624371449,3.0,509.0,16.0459947087,510.0,15.7798766514,511.0,15.7241921481,,,,,,
181,reactivation__day_2_reactivation,20.36810075063333,0.090851282106574,3.0,512.0,20.3839276108,513.0,20.4499987248,514.0,20.2703759163,,,,,,
182,reactivation__day_3_reactivation,23.157066776766666,0.29803434630968695,3.0,515.0,23.1518176332,516.0,22.8616916733,517.0,23.4576910238,,,,,,
183,reactivation__day_4_reactivation,24.8124319554,0.2034237139858165,3.0,518.0,24.9287491845,519.0,24.5775420927,520.0,24.931004589,,,,,,
184,reactivation__day_0_persistence,1.1564823173178713e-18,0.192334291353372,3.0,521.0,0.1778184335,522.0,-0.2041391311,523.0,0.0263206976,,,,,,
185,redox__intra_basal,2.3480333574000003,1.4826357322451105,2.0,524.0,3.3964151377,525.0,1.2996515771000001,,,,,,,,
186,redox__whib3_comp_4.5,-12.6411292779,1.9918898132139642,2.0,526.0,-11.2326504836,527.0,-14.0496080722,,,,,,,,
187,redox__whib3_comp_6.6,0.40693511145,0.9995764231873935,2.0,528.0,-0.29987215570000003,529.0,1.1137423786,,,,,,,,
188,redox__whib3_ko_4.5,-18.0984324996,0.45978565790932296,2.0,530.0,-17.773314943,531.0,-18.4235500562,,,,,,,,
189,redox__wt_4.5,-11.39754501915,0.10067655839835539,2.0,532.0,-11.326355942,533.0,-11.4687340963,,,,,,,,
190,redox__wt_6.6,0.0,1.063745460816845,2.0,534.0,0.7521816288000001,535.0,-0.7521816288000001,,,,,,,,
191,resus__day_1_run_1,0.0,0.12582435647230453,2.0,536.0,0.0889712557,537.0,-0.0889712557,,,,,,,,
192,resus__day_4_run_1,5.3187676885999995,0.24811447884236168,2.0,538.0,5.4942111191,539.0,5.1433242581,,,,,,,,
193,rho__00h_DUC,0.0,0.17527564067767407,2.0,540.0,-0.12393859410000001,541.0,0.12393859410000001,,,,,,,,
194,rho__00h_DUC_1,-1.7611677931,0.008531505934474128,2.0,542.0,-1.7672004788,543.0,-1.7551351074000001,,,,,,,,
195,rho__01.5_DUC,-1.13900441765,0.32389113093454963,2.0,544.0,-0.9099788026000001,545.0,-1.3680300327000001,,,,,,,,
196,rho__01.5h_DUC_ATC,-0.46739723995000004,0.2200950430553739,2.0,546.0,-0.3117665425,547.0,-0.6230279374000001,,,,,,,,
197,rho__03_DUC,-2.3889698528,0.21876415573391314,2.0,548.0,-2.2342802348,549.0,-2.5436594707999998,,,,,,,,
198,rho__03h_DUC_ATC,-1.61298783225,1.0429655555169077,2.0,550.0,-0.8754998154,551.0,-2.3504758491,,,,,,,,
199,rho__06h_DUC_ATC,-3.9346677721,1.3489031496762938,2.0,552.0,-2.9808492078,553.0,-4.8884863364,,,,,,,,
200,rho__06h_WT_ATC,0.151950804,0.02603716410286104,2.0,554.0,0.13353974870000002,555.0,0.1703618593,,,,,,,,
201,rho__09_DUC,-14.56026858205,0.36672583059501007,2.0,556.0,-14.8195829037,557.0,-14.3009542604,,,,,,,,
202,rho__09h_DUC_ATC,-12.9524283482,,1.0,558.0,-12.9524283482,,,,,,,,,,
203,smx__0_days_12.5,-0.7966383551666668,0.06889990600773334,3.0,559.0,-0.8072506609000001,560.0,-0.8596163972,561.0,-0.7230480074000001,,,,,,
204,smx__0_days_control,0.0,0.16613522220536517,3.0,562.0,0.1351887151,563.0,-0.1854668333,564.0,0.0502781182,,,,,,
205,smx__1_days_12.5,-1.4261132628666668,0.27026412440217396,3.0,565.0,-1.7284771446,566.0,-1.341824963,567.0,-1.208037681,,,,,,
206,smx__1_days_control,-0.9600987482333334,0.2538208590266449,3.0,568.0,-0.668204459,569.0,-1.0831696735,570.0,-1.1289221122,,,,,,
207,sq109__0_days_3,-1.1167607422749999,0.365765993013224,4.0,571.0,-1.1443693042,572.0,-0.8376644693,573.0,-0.8610112897000001,574.0,-1.6239979059,,,,
208,sq109__0_days_control,2.5000002068509275e-11,0.3680394319587025,4.0,575.0,-0.22652507560000001,576.0,0.34908618690000004,577.0,0.2746313984,578.0,-0.3971925096,,,,
209,sq109__1_days_3,-0.9225478749,0.33405172954694384,4.0,579.0,-1.0187383652,580.0,-0.7076935027,581.0,-0.6128838105000001,582.0,-1.3508758212,,,,
210,sq109__1_days_control,-0.10423630377500002,0.35834886942021704,4.0,583.0,-0.20130829600000003,584.0,0.2840316457,585.0,-0.5520504481,586.0,0.0523818833,,,,
211,stress__.1_butyrate,-2.217547542466667,0.4456300938985351,3.0,587.0,-2.3083600494,588.0,-1.7335059085000002,589.0,-2.6107766695,,,,,,
212,stress__.4_gluc,-9.25185853854297e-18,0.42013736036857585,3.0,590.0,0.4837996271,591.0,-0.27302604350000004,592.0,-0.2107735836,,,,,,
213,stress__1_days_low_iron,-6.950784229766666,1.489663507676673,3.0,593.0,-5.5729404806,594.0,-6.7479340941,595.0,-8.5314781146,,,,,,
214,stress__7_days_low_iron,-11.1766116609,0.13461497598321023,3.0,596.0,-11.2434940178,597.0,-11.0216540041,598.0,-11.2646869608,,,,,,
215,stress__gluc_butyrate,3.498474760766667,0.2244330751385583,3.0,599.0,3.6863837284,600.0,3.2499632644,601.0,3.5590772895000002,,,,,,
216,stress__high_iron,3.7606892026333334,0.5048884636123294,3.0,602.0,4.3392922108,603.0,3.5332446294,604.0,3.4095307677,,,,,,
217,stress__tolox_ph_7,2.9349612319,0.21806669417206487,2.0,605.0,2.7807647937,606.0,3.0891576701,,,,,,,,
218,sutez__0_days_5.6,-0.7946181778500001,0.17722359021064332,4.0,607.0,-1.0043833148,608.0,-0.6288105387,609.0,-0.6683204803,610.0,-0.8769583776000001,,,,
219,sutez__0_days_control,1.214306433183765e-17,0.2654060254438559,4.0,611.0,-0.0064418648000000005,612.0,-0.2947030431,613.0,0.34942612630000003,614.0,-0.0482812184,,,,
220,sutez__1_days_5.6,-22.06288864495,0.0261956719166481,2.0,615.0,-22.0814117822,616.0,-22.0443655077,,,,,,,,
221,sutez__1_days_control,-0.8799776941249999,0.32216439966909266,4.0,617.0,-1.3164451108,618.0,-0.5882298224,619.0,-0.6951963903,620.0,-0.920039453,,,,
222,thrB__0_days_starve,0.0,0.463471847703212,2.0,621.0,0.3277240864,622.0,-0.3277240864,,,,,,,,
223,tss__expression_library,-5.02396582995,0.38184678274039596,2.0,623.0,-5.2939722794,624.0,-4.7539593804999996,,,,,,,,
224,tss__mapping_triphosphate,-8.2386286543,0.08989917943274452,2.0,625.0,-8.3021969737,626.0,-8.1750603349,,,,,,,,
225,tss__mapping_wo_triphosphate,-4.49889265965,0.5415504714965741,2.0,627.0,-4.1159586489,628.0,-4.8818266704,,,,,,,,
226,tss__wt_experiment_2,-3.3333326839487164e-11,0.17811644394623405,3.0,629.0,0.09033718780000001,630.0,0.11484659900000001,631.0,-0.2051837869,,,,,,
227,vera__0_days_176,0.894223241125,0.21694916262707997,4.0,632.0,1.1930377369,633.0,0.7709686722,634.0,0.7032241373,635.0,0.9096624181,,,,
228,vera__0_days_control,1.0408340855860843e-17,0.28295890646725563,4.0,636.0,-0.4016661573,637.0,0.0393706251,638.0,0.257575686,639.0,0.10471984620000001,,,,
229,vera__1_days_176,-4.3234716524,0.41138904740571225,3.0,640.0,-4.5138879202,641.0,-4.605154991,642.0,-3.851372046,,,,,,
230,vera__1_days_control,-5.848640190125,0.19940612005301256,4.0,643.0,-5.970751542,644.0,-5.9129806892,645.0,-5.5518763398,646.0,-5.9589521895,,,,
