,condition,X_avg,X_std,n,rep1_idx,rep1_X,rep2_idx,rep2_X,rep3_idx,rep3_X,rep4_idx,rep4_X,rep5_idx,rep5_X,rep6_idx,rep6_X
0,AX__AX_10_MIC,-0.02863914405,0.032202768317098986,2.0,0.0,-0.0514099399,1.0,-0.0058683482,,,,,,,,
1,AX__AX_30_MIC,0.0646198218,0.045711658352025626,2.0,2.0,0.032296798200000004,3.0,0.0969428454,,,,,,,,
2,AX__QZ_10_MIC,0.050377052850000006,0.003341188081997351,2.0,4.0,0.0480144761,5.0,0.052739629600000004,,,,,,,,
3,AX__QZ_30_MIC,0.24449398865000002,0.034163594230369666,2.0,6.0,0.2686512978,7.0,0.22033667950000002,,,,,,,,
4,AX__wt,0.0,0.3584091033248622,2.0,8.0,0.25343350740000004,9.0,-0.25343350740000004,,,,,,,,
5,ITM_04__00h_clinic_ctrl,0.09312280090000001,0.04417819335232577,2.0,10.0,0.12436150100000001,11.0,0.0618841008,,,,,,,,
6,ITM_04__00h_h37rv_control,-3.333333305557962e-11,0.026442749410954886,3.0,12.0,-0.0273357672,13.0,0.0254486251,14.0,0.001887142,,,,,,
7,ITM_04__06h_clinic_delam,0.2132768131666667,0.07898978081573883,3.0,15.0,0.1326695379,16.0,0.21661782300000001,17.0,0.2905430786,,,,,,
8,ITM_04__06h_clinic_DMSO,-0.9192323070666667,0.013595814670502778,3.0,18.0,-0.9139096662,19.0,-0.9346841825000001,20.0,-0.9091030725,,,,,,
9,ITM_04__06h_h37rv_delam,0.5068394248666667,0.052261166827223225,3.0,21.0,0.4536918005,22.0,0.5086599125,23.0,0.5581665616,,,,,,
10,ITM_04__06h_h37rv_DMSO,-0.5952187516,0.055572306348844976,3.0,24.0,-0.6499190702000001,25.0,-0.5969234988000001,26.0,-0.5388136858,,,,,,
11,ITM_04__24h_clinic_delam,0.2535266508333333,0.056056873027074884,3.0,27.0,0.3056730364,28.0,0.1942429346,29.0,0.26066398150000003,,,,,,
12,ITM_04__24h_clinic_DMSO,-1.3108334172,0.07121051748888112,3.0,30.0,-1.2343123637,31.0,-1.375157982,32.0,-1.3230299059,,,,,,
13,ITM_04__24h_h37rv_delam,0.1164559417,0.18903805032068277,3.0,33.0,-0.091141073,34.0,0.2786752851,35.0,0.16183361300000002,,,,,,
14,ITM_04__24h_h37rv_DMSO,-1.27738697285,0.13451685711511538,2.0,36.0,-1.3725047547,37.0,-1.182269191,,,,,,,,
15,JSF__DMSO,8.673617379884035e-19,0.01823235301579495,4.0,38.0,0.0093763375,39.0,0.0210350093,40.0,-0.013715076000000001,41.0,-0.0166962708,,,,
16,JSF__JSF_2019,3.0874256469,0.15778993216182824,4.0,42.0,3.1321006962,43.0,3.2895936198,44.0,2.9900761512000003,45.0,2.9379321204,,,,
17,JSF__JSF_2026,2.775781507475,0.0809380730704548,4.0,46.0,2.7796214551,47.0,2.8425457054,48.0,2.6608294535,49.0,2.8201294159,,,,
18,MTS1338__over_expression,0.0,0.20238543429022146,2.0,50.0,-0.143108113,51.0,0.143108113,,,,,,,,
19,PAS__control,7.228014483236697e-19,0.10388062411493576,3.0,52.0,0.10191288870000001,53.0,-0.10574244990000001,54.0,0.0038295612,,,,,,
20,PAS__treated,0.7008680326333333,0.1503352368542126,3.0,55.0,0.6815833292,56.0,0.859915065,57.0,0.5611057037,,,,,,
21,THP-1__24h_THP_B_enriched,0.0,0.2835173762067352,2.0,58.0,-0.2004770593,59.0,0.2004770593,,,,,,,,
22,aminoimidazoles__02h_treated,0.91271646615,0.06741326107778373,2.0,60.0,0.9603848402,61.0,0.8650480921,,,,,,,,
23,aminoimidazoles__24h_treated,1.4447331056000001,0.06122661096157452,2.0,62.0,1.4880268574,63.0,1.4014393538,,,,,,,,
24,aminoimidazoles__00h_untreated,3.33333360913457e-11,0.05884122821541834,3.0,64.0,-0.0422745226,65.0,-0.0249272444,66.0,0.0672017671,,,,,,
25,antibiotic__ctrl_24h,0.12353553533333334,0.038095056789170134,3.0,67.0,0.08104558960000001,68.0,0.1349221749,69.0,0.1546388415,,,,,,
26,antibiotic__ctrl_4h,0.0,0.002375702518098939,3.0,70.0,0.0023148978,71.0,0.0001172662,72.0,-0.002432164,,,,,,
27,antibiotic__izd_4h,-2.1538787742,0.0606068444543652,2.0,73.0,-2.1110232635,74.0,-2.1967342849,,,,,,,,
28,base__wt_glu_24,0.19795652356666668,0.15505870008588352,3.0,75.0,0.2031520547,76.0,0.35035216210000003,77.0,0.040365353900000005,,,,,,
29,base__wt_glu_6,3.3333333200139905e-11,0.0781168111602574,3.0,78.0,0.0814996915,79.0,-0.0742250067,80.0,-0.007274684700000001,,,,,,
30,base__wt_llac_24,0.26840033696666665,0.23600847819061244,3.0,81.0,0.5379377725,82.0,0.1684479934,83.0,0.09881524500000001,,,,,,
31,base__wt_llac_6,-0.05642486826666667,0.06172789956314507,3.0,84.0,-0.009533039,85.0,-0.1263595003,86.0,-0.0333820655,,,,,,
32,base__wt_pyr_24,0.7921113783000001,0.08222971351357852,3.0,87.0,0.7316245035000001,88.0,0.8857403761,89.0,0.7589692553,,,,,,
33,base__wt_pyr_6,0.19600032856666663,0.051890569251969915,3.0,90.0,0.1493679272,91.0,0.251900199,92.0,0.18673285950000001,,,,,,
34,biofilm__biofilm,0.22978680555000003,0.004512486140559582,2.0,93.0,0.2329776151,94.0,0.22659599600000002,,,,,,,,
35,biofilm__planktonic,0.0,0.010033986504971991,2.0,95.0,-0.0070950999,96.0,0.0070950999,,,,,,,,
36,btz043__0_days_.006,-0.10193728056666668,0.057041914116682635,3.0,97.0,-0.0361309471,98.0,-0.13727454320000002,99.0,-0.1324063514,,,,,,
37,btz043__0_days_control,-8.673617379884035e-19,0.026764655799373156,3.0,100.0,0.0224655655,101.0,-0.029612678700000002,102.0,0.0071471132,,,,,,
38,btz043__1_days_.006,1.75683683785,0.03396077563357762,4.0,103.0,1.773626101,104.0,1.7089231113,105.0,1.7582917632,106.0,1.7865063759000002,,,,
39,btz043__1_days_control,0.556704570725,0.03481044114311968,4.0,107.0,0.5514704286000001,108.0,0.5094771758000001,109.0,0.5821074118,110.0,0.5837632667,,,,
40,clarithromycin__1_days_control,0.0,0.030052547128374497,3.0,111.0,0.0054872312000000005,112.0,-0.0324180711,113.0,0.0269308399,,,,,,
41,cnpB__del,-0.01645633516666667,0.11154811208068058,3.0,114.0,0.025962080800000002,115.0,0.0676600938,116.0,-0.1429911801,,,,,,
42,cnpB__wt,0.0,0.11449830368690167,3.0,117.0,-0.052039516800000005,118.0,-0.0792360161,119.0,0.1312755329,,,,,,
43,csoR__ko,-0.33375020460000004,0.07213308478588014,2.0,120.0,-0.2827444112,121.0,-0.38475599800000004,,,,,,,,
44,csoR__wt,0.0,0.36238362085852804,2.0,122.0,-0.2562439157,123.0,0.2562439157,,,,,,,,
45,dap__0_days_25,-0.116740993875,0.03655220009385183,4.0,124.0,-0.08634999160000001,125.0,-0.1035570858,126.0,-0.1072125175,127.0,-0.1698443806,,,,
46,dap__0_days_control,0.0,0.04127819973529711,4.0,128.0,0.0110680668,129.0,-0.0416204867,130.0,0.0526270943,131.0,-0.0220746744,,,,
47,dap__1_days_25,-0.48031239245,0.017258318890955575,4.0,132.0,-0.4828135233,133.0,-0.4692442795,134.0,-0.46551587640000003,135.0,-0.5036758906000001,,,,
48,dap__1_days_control,0.11161821722500001,0.029777206709210958,4.0,136.0,0.087633268,137.0,0.09917498050000001,138.0,0.1046685682,139.0,0.1549960522,,,,
49,degradosome__mutant_rnj,-0.016350497133333333,0.10290156426429141,3.0,140.0,-0.03467385,141.0,-0.1088594801,142.0,0.0944818387,,,,,,
50,degradosome__PNPase_ko,-0.9539518462666666,0.11489670901600964,3.0,143.0,-0.9870532783,144.0,-0.8261380405000001,145.0,-1.04866422,,,,,,
51,degradosome__Rnase_E_ko,2.8798416747333335,0.07879787596518792,3.0,146.0,2.8488975510000003,147.0,2.9694146891,148.0,2.8212127841,,,,,,
52,degradosome__wt_cas9_ctrl,0.044006768333333356,0.31938917830409497,3.0,149.0,0.27033065500000003,150.0,0.1830204998,151.0,-0.3213308498,,,,,,
53,degradosome__wt_expn,0.0,0.039286721863904896,3.0,152.0,0.0425714465,153.0,-0.0348577707,154.0,-0.0077136758,,,,,,
54,delam__0_days_.09,-0.083360012525,0.031107226455034158,4.0,155.0,-0.1190299251,156.0,-0.0771764462,157.0,-0.0926759037,158.0,-0.0445577751,,,,
55,delam__0_days_control,-2.5000002068509275e-11,0.07099505977106563,4.0,159.0,0.0623701874,160.0,-0.09298291310000001,161.0,-0.0172241125,162.0,0.0478368381,,,,
56,delam__1_days_.09,-1.2153444532,0.03347953855572177,4.0,163.0,-1.251487456,164.0,-1.2345085406,165.0,-1.1787571940000001,166.0,-1.1966246222,,,,
57,delam__1_days_control,-1.1479222335250001,0.06739985207018552,4.0,167.0,-1.1061345852,168.0,-1.1491747114,169.0,-1.0938295676,170.0,-1.2425500699,,,,
58,dg_inh__both,0.3515703771,0.08208413971263841,3.0,171.0,0.2728674557,172.0,0.3451813348,173.0,0.4366623408,,,,,,
59,dg_inh__dg,0.13303941860000001,0.1178115653635415,3.0,174.0,0.11778368930000001,175.0,0.023598876,176.0,0.2577356905,,,,,,
60,dg_inh__DMSO,3.333333146541643e-11,0.12979414905532946,3.0,177.0,0.0274787371,178.0,-0.1413332962,179.0,0.11385455920000001,,,,,,
61,dg_inh__inh,0.37053426143333335,0.11217466341044705,3.0,180.0,0.307811618,181.0,0.5000411771000001,182.0,0.3037499892,,,,,,
62,dormancy__dormant_20d_rifampicin,0.6631663115666667,0.06288354540236964,3.0,183.0,0.7035690143000001,184.0,0.6952149027,185.0,0.5907150177,,,,,,
63,dormancy__dormant_no_treatment,-4.625929269271485e-18,0.1301420763328993,3.0,186.0,-0.11073396960000001,187.0,0.1433468178,188.0,-0.0326128482,,,,,,
64,eccE1__control,0.0,0.09715471570605122,2.0,189.0,0.0686987583,190.0,-0.0686987583,,,,,,,,
65,eccE1__delta_eccE1,-0.033939970300000004,0.04033520489244971,2.0,191.0,-0.0054186734,192.0,-0.062461267200000004,,,,,,,,
66,eccE1__delta_eccE1_eccE1_HA_comp,0.15797564275,0.019874468784499572,2.0,193.0,0.1720290144,194.0,0.1439222711,,,,,,,,
67,eccE1__delta_eccE1_empty_vector,0.21554636645000003,0.03705989299950804,2.0,195.0,0.2417516681,196.0,0.18934106480000001,,,,,,,,
68,eccE1__delta_eccE1_myc_p1_HA_comp,0.28986157005,0.05487595690270013,2.0,197.0,0.2510584088,198.0,0.3286647313,,,,,,,,
69,eccE1__delta_eccE1_mycP1_eccE1_comp,0.17872600145,0.06951013235585568,2.0,199.0,0.2278770874,200.0,0.1295749155,,,,,,,,
70,emb__0_days_2.45,0.06820284855,0.06358266412227935,4.0,201.0,0.0461499011,202.0,0.0578530203,203.0,0.0102090743,204.0,0.15859939850000002,,,,
71,emb__0_days_control,0.0,0.0640881983946201,4.0,205.0,-0.055297596500000004,206.0,0.0925127832,207.0,-0.0211538873,208.0,-0.0160612994,,,,
72,emb__1_days_2.45,1.635327778475,0.026731375481632257,4.0,209.0,1.6650226826,210.0,1.6350250989,211.0,1.6410016064000001,212.0,1.600261726,,,,
73,emb__1_days_control,1.24752586395,0.013214072963343492,4.0,213.0,1.2320200571,214.0,1.2544962286999999,215.0,1.2418338597,216.0,1.2617533103,,,,
74,espL__ko,0.09099468795,0.0070644039668489094,2.0,217.0,0.08599939999999999,218.0,0.09598997590000001,,,,,,,,
75,espL__wt,0.0,0.0627529095754685,2.0,219.0,0.044373007900000004,220.0,-0.044373007900000004,,,,,,,,
76,esx_1__ko,0.27753102925000006,0.012798600848960673,2.0,221.0,0.28658100670000003,222.0,0.26848105180000004,,,,,,,,
77,esx_1__wt,-3.33333360913457e-11,0.1908299111565593,3.0,223.0,0.1287998494,224.0,-0.2192353344,225.0,0.0904354849,,,,,,
78,genotoxic__control,0.0,0.2070125129536586,2.0,226.0,-0.1463799517,227.0,0.1463799517,,,,,,,,
79,genotoxic__growth_supplement,0.22741136255,0.16989929830457348,2.0,228.0,0.1072744166,229.0,0.3475483085,,,,,,,,
80,growth__tss_expnt,-1.5324067589666666,0.3455693593011186,3.0,230.0,-1.6654166300000002,231.0,-1.1400959568,232.0,-1.7917076901,,,,,,
81,growth__tss_starved,0.04781473283333334,0.5479356653942473,3.0,233.0,-0.3691071508,234.0,-0.1558718725,235.0,0.6684232218,,,,,,
82,growth__wt_expn,3.33333360913457e-11,0.12384034445382046,3.0,236.0,-0.1153023346,237.0,-0.0155981305,238.0,0.1309004652,,,,,,
83,hs2__treated,0.15532135300000002,0.055933790843899454,3.0,239.0,0.1986764061,240.0,0.1751027638,241.0,0.0921848891,,,,,,
84,hs2__untreated,3.333333146541643e-11,0.0719178432337135,3.0,242.0,0.0827951916,243.0,-0.0469557758,244.0,-0.0358394157,,,,,,
85,hypoxia__000h_.81_DO,-4.625929269271485e-18,0.09891416146234136,3.0,245.0,0.0507534678,246.0,0.0632352036,247.0,-0.1139886714,,,,,,
86,hypoxia__017h_.57_DO,0.38281391496666667,0.07763294192188752,3.0,248.0,0.29484552810000003,249.0,0.4118633886,250.0,0.44173282820000004,,,,,,
87,hypoxia__023h_.42_DO,0.8044838454000001,0.034781682419633815,2.0,251.0,0.8290782089000001,252.0,0.7798894819000001,,,,,,,,
88,hypoxia__040h_.11_DO,0.511306236,0.12665853500897506,2.0,253.0,0.600867345,254.0,0.42174512700000005,,,,,,,,
89,hypoxia__041h_.09_DO,0.3622993048333334,0.04634727803381986,3.0,255.0,0.41568775210000003,256.0,0.33239175660000003,257.0,0.3388184058,,,,,,
90,hypoxia__042h_.07_DO,0.52072740095,0.1103839906881167,2.0,258.0,0.5987806693000001,259.0,0.4426741326,,,,,,,,
91,hypoxia__043h_.06_DO,0.4556756237333334,0.1035848649623782,3.0,260.0,0.5729010399000001,261.0,0.3764843928,262.0,0.4176414385,,,,,,
92,hypoxia__044h_.04_DO,0.5908803263000001,0.13376003201482914,3.0,263.0,0.7321478528,264.0,0.4661692052,265.0,0.5743239209000001,,,,,,
93,hypoxia__047h_0_DO,0.8922306760333334,0.27996319884006365,3.0,266.0,0.6699756776,267.0,1.206659502,268.0,0.8000568485,,,,,,
94,hypoxia__049h_0_DO,1.1181816220333334,0.16266769154369998,3.0,269.0,1.2658122556,270.0,1.1449380453,271.0,0.9437945652,,,,,,
95,hypoxia__050h_0_DO,1.2781663958333336,0.15131350667028798,3.0,272.0,1.1759409959,273.0,1.2065670222,274.0,1.4519911694,,,,,,
96,hypoxia__052h_0_DO,1.2277845806333332,0.04800631081890566,3.0,275.0,1.2384286161,276.0,1.2695755575,277.0,1.1753495683,,,,,,
97,hypoxia__054h_0_DO,0.9696837912599999,0.10650326136839784,5.0,278.0,1.0806869566,279.0,0.989702677,280.0,0.8406806829,281.0,0.8792162845,282.0,1.0581323553,,
98,hypoxia__070h_0_DO,0.5234024067,0.20987165722124362,2.0,283.0,0.6718040787,284.0,0.3750007347,,,,,,,,
99,hypoxia__088h_0_DO,0.41328306475000004,0.2943818804858609,2.0,285.0,0.6214424887000001,286.0,0.2051236408,,,,,,,,
100,hypoxia__114.5h_.04_DO,1.5523831174333331,0.3008878698992272,3.0,287.0,1.2109202848,288.0,1.6675640099,289.0,1.7786650576,,,,,,
101,hypoxia__115h_.06_DO,1.2698843953,0.2671895216164559,3.0,290.0,1.5194267084000002,291.0,0.9879931702,292.0,1.3022333073,,,,,,
102,hypoxia__116h_.11_DO,1.0875776535666668,0.2049755814976522,3.0,293.0,1.3122669349,294.0,1.0396615326,295.0,0.9108044932,,,,,,
103,hypoxia__120h_.47_DO,1.1109656747,0.21141180910835938,3.0,296.0,1.1250613661,297.0,0.8928587457,298.0,1.3149769123000001,,,,,,
104,kinase__DMSO_0h_F,0.45156778126666675,0.06418838122803561,3.0,299.0,0.5018182383,300.0,0.3792586894,301.0,0.4736264161,,,,,,
105,kinase__DMSO_0h_H,0.15195989671666668,0.11531909167910595,6.0,302.0,0.0546892941,303.0,0.1630054854,304.0,0.3012180541,305.0,0.19774385,306.0,0.2129076251,307.0,-0.0178049284
106,kinase__DMSO_0h_I,4.625929269271485e-18,0.08031436115661239,6.0,308.0,0.0900580229,309.0,-0.0409825854,310.0,0.07085167910000001,311.0,-0.0657216647,312.0,-0.1034360414,313.0,0.049230589500000005
107,kinase__pknD_T10_48h,0.9194624477000001,0.06732049338874739,3.0,314.0,0.8877784998,315.0,0.9967791678000001,316.0,0.8738296755,,,,,,
108,kinase__pknL_T10_48h,0.0350990303,0.14112824015416853,3.0,317.0,0.1094686628,318.0,0.1234890861,319.0,-0.127660658,,,,,,
109,kinase__pknL_T4_48h,2.1530704287666667,0.19571247153112933,3.0,320.0,2.3088352019,321.0,1.933391099,322.0,2.2169849854,,,,,,
110,kinase__T10_12h_F,0.468950408,0.0744887668428564,3.0,323.0,0.4944443777,324.0,0.38506187750000004,325.0,0.5273449688,,,,,,
111,kinase__T10_12h_H,0.41300701086666675,0.09749003523297152,3.0,326.0,0.3578267496,327.0,0.5255716144,328.0,0.3556226686,,,,,,
112,kinase__T10_12h_I,0.21694829280000003,0.22672129438637884,2.0,329.0,0.056632128100000005,330.0,0.37726445750000004,,,,,,,,
113,kinase__T10_24h_F,0.4620232233666666,0.2888824423701251,3.0,331.0,0.2609630073,332.0,0.7930618077,333.0,0.33204485510000004,,,,,,
114,kinase__T10_24h_H,-0.0843824011,0.05577881638751525,3.0,334.0,-0.0897831126,335.0,-0.026099668700000002,336.0,-0.137264422,,,,,,
115,kinase__T10_24h_I,0.57704891665,0.24395493288939454,2.0,337.0,0.749551104,338.0,0.4045467293,,,,,,,,
116,kinase__T10_48h_F,0.7579729487666668,0.10379689980018224,3.0,339.0,0.8301617098,340.0,0.6390209585000001,341.0,0.8047361780000001,,,,,,
117,kinase__T10_48h_H,0.11702966423333334,0.09252959681519482,3.0,342.0,0.0153640961,343.0,0.19631961750000002,344.0,0.1394052791,,,,,,
118,kinase__T10_48h_I,0.7774138762000001,0.07483827068409167,3.0,345.0,0.7483747991,346.0,0.8624196954000001,347.0,0.7214471341,,,,,,
119,kinase__T4 _48h_H,3.1804359096666666,0.07116799655042264,3.0,348.0,3.1786648681,349.0,3.1101699632,350.0,3.2524728977,,,,,,
120,kinase__T4 20 _12h_I,2.0385998725,0.09530937422316979,3.0,351.0,1.9667399203,352.0,2.1467170169,353.0,2.0023426803,,,,,,
121,kinase__T4_12h_F,1.9122355590666666,0.10558321473798525,3.0,354.0,1.9690467236,355.0,1.9772493748,356.0,1.7904105788,,,,,,
122,kinase__T4_12h_H,2.2287836556000005,0.08795773734473306,3.0,357.0,2.3204911673,358.0,2.2207302011,359.0,2.1451295984,,,,,,
123,kinase__T4_24h_F,2.3954481666666663,0.044853424609120965,3.0,360.0,2.3789508601,361.0,2.3611796604,362.0,2.4462139795,,,,,,
124,kinase__T4_24h_H,2.6459901848666667,0.043318697652578,3.0,363.0,2.6521728131,364.0,2.5999123508,365.0,2.6858853907,,,,,,
125,kinase__T4_24h_I,2.61252771665,0.05735813292858219,2.0,366.0,2.5719693919,367.0,2.6530860414,,,,,,,,
126,kinase__T4_48h_F,3.1850542546000002,0.1145434656979088,3.0,368.0,3.2547303725,369.0,3.0528553489,370.0,3.2475770424,,,,,,
127,kinase__T4_48h_I,3.1002720388,0.01985509249497579,3.0,371.0,3.1207021833,372.0,3.0810468836,373.0,3.0990670495,,,,,,
128,kinase__WT_T10_48h,1.27059723878,1.4076312076771322,5.0,374.0,0.2203493816,375.0,2.8365882144,376.0,2.7881388821,377.0,0.2661628401,378.0,0.2417468757,,
129,kinase__WT_T4_48h,3.3436260953,0.12530172009324458,3.0,379.0,3.1997358443,380.0,3.4024480425,381.0,3.4286943991,,,,,,
130,levofloxacin__control,-4.336808689942018e-19,0.1038790922113534,3.0,382.0,-0.105737778,383.0,0.1019148626,384.0,0.0038229154000000002,,,,,,
131,levofloxacin__treated,0.3865648168333333,0.07266220948703225,3.0,385.0,0.3188323114,386.0,0.37754718600000003,387.0,0.46331495310000004,,,,,,
132,linez__0_days_4,-1.4374001617249998,0.020416937427725483,4.0,388.0,-1.4308159645,389.0,-1.4438759178,390.0,-1.461592123,391.0,-1.4133166416,,,,
133,linez__0_days_control,-2.499999946642406e-11,0.017581423941993326,4.0,392.0,-0.0087137488,393.0,0.0204670051,394.0,-0.0193566536,395.0,0.0076033972000000005,,,,
134,linez__1_days_4,0.96845842875,0.051682907050553326,4.0,396.0,0.9684446280000001,397.0,0.8953766226000001,398.0,1.0043227891,399.0,1.0056896753,,,,
135,linez__1_days_control,-0.09758936583333334,0.04488339139007351,3.0,400.0,-0.11517606520000001,401.0,-0.1310162699,402.0,-0.046575762400000005,,,,,,
136,lipid__dextrose_exp,0.0,0.04117308824438959,2.0,403.0,0.029113769900000003,404.0,-0.029113769900000003,,,,,,,,
137,lipid__dextrose_hypo,0.97398023825,0.09219976725523768,2.0,405.0,1.0391753189,406.0,0.9087851576,,,,,,,,
138,lipid__dextrose_stat,0.44176098805,0.007788010660510351,2.0,407.0,0.43625403290000003,408.0,0.4472679432,,,,,,,,
139,lipid__lipid_exp,-0.22807307365,0.07505253472600927,2.0,409.0,-0.1750029174,410.0,-0.2811432299,,,,,,,,
140,lipid__lipid_stat,0.69661050465,0.06633156561063447,2.0,411.0,0.7435140045,412.0,0.6497070048,,,,,,,,
141,mcr11__mcr11_mutant,0.48866072219999995,0.09944170706980122,3.0,413.0,0.3915210612,414.0,0.4842063337,415.0,0.5902547717000001,,,,,,
142,mcr11__wt,0.0,0.03492203878846201,3.0,416.0,0.0089870174,417.0,0.0295501975,418.0,-0.0385372149,,,,,,
143,miceAV_macro__24h_control,-3.333333146541643e-11,0.040705793282605596,3.0,419.0,-0.0165753147,420.0,0.046378414900000005,421.0,-0.0298031003,,,,,,
144,miceBMDM__inf02,0.7290021903666668,0.10401228339207143,3.0,422.0,0.676371067,423.0,0.6618242831000001,424.0,0.8488112210000001,,,,,,
145,miceBMDM__inf24,1.1695635658666665,0.10167269210720863,3.0,425.0,1.1164830841,426.0,1.286791089,427.0,1.1054165245,,,,,,
146,miceBMDM__inf08,1.3268874484333333,0.16263947764396555,3.0,428.0,1.4973847408,429.0,1.3098268119,430.0,1.1734507926,,,,,,
147,miceBMDM__no_inf02,-3.333333377838107e-11,0.015567390659768018,3.0,431.0,-0.0005987807000000001,432.0,-0.0152593612,433.0,0.0158581418,,,,,,
148,miceBMDM__no_inf24,0.15817968906666666,0.04067153355319997,3.0,434.0,0.2045163307,435.0,0.1283886518,436.0,0.1416340847,,,,,,
149,miceBMDM__no_inf08,-0.008667121600000003,0.09833597014929354,3.0,437.0,0.0278413778,438.0,0.0661931288,439.0,-0.12003587140000001,,,,,,
150,miceNF__control,0.0,0.2503712976743379,2.0,440.0,-0.17703924240000002,441.0,0.17703924240000002,,,,,,,,
151,miceNF__invivo,3.2444761861333333,0.1841543209341879,3.0,442.0,3.4566915711,443.0,3.1500426834,444.0,3.1266943039,,,,,,
152,mihF__mihF_mutant_atc,-0.6010449870500001,0.0025351094031256915,2.0,445.0,-0.6028375801,446.0,-0.5992523940000001,,,,,,,,
153,mihF__mihF_mutant_no_atc,-0.4625757675,0.34030182371637807,2.0,447.0,-0.7032054947,448.0,-0.2219460403,,,,,,,,
154,mihF__wt_atc,-0.23082332390000002,0.37031633194155217,2.0,449.0,0.0310298656,450.0,-0.4926765134,,,,,,,,
155,mihF__wt_no_atc,0.0,0.09951589119527275,2.0,451.0,0.0703683615,452.0,-0.0703683615,,,,,,,,
156,mmpl3__mutant_no_ATC,0.0,0.40360206024485723,2.0,453.0,-0.2853897537,454.0,0.2853897537,,,,,,,,
157,mmpl3__mutant_with_ATC,0.77577719815,0.0069365027751106265,2.0,455.0,0.7806820463,456.0,0.77087235,,,,,,,,
158,mrsI__ko_iron_atc,0.22035420875,0.14490841337719784,2.0,457.0,0.11788848700000001,458.0,0.3228199305,,,,,,,,
159,mrsI__ko_iron_no_atc,-3.20972844785,0.4889431007433499,2.0,459.0,-3.55546343,460.0,-2.8639934657,,,,,,,,
160,mrsI__ko_ox_atc,-2.9417223741500003,0.05657760979588973,2.0,461.0,-2.9817287857,462.0,-2.9017159626,,,,,,,,
161,mrsI__ko_ox_no_atc,0.9564253062999999,0.08454810191422521,2.0,463.0,1.0162098425,464.0,0.8966407701,,,,,,,,
162,mrsI__ko_sds_atc,0.9314941381999999,0.10102626802719598,2.0,465.0,0.860057779,466.0,1.0029304974,,,,,,,,
163,mrsI__ko_sds_no_atc,0.28632221069999997,0.18200269764637972,2.0,467.0,0.157626869,468.0,0.4150175524,,,,,,,,
164,mrsI__wt_iron_atc,-0.06172852845,0.09377987004837618,2.0,469.0,0.0045838536,470.0,-0.1280409105,,,,,,,,
165,mrsI__wt_iron_no_atc,-3.29399285515,0.6775956071952818,2.0,471.0,-3.7731253039,472.0,-2.8148604064000002,,,,,,,,
166,mrsI__wt_ox_atc,-3.3000136248,0.56806399979076,2.0,473.0,-3.7016955312,474.0,-2.8983317184,,,,,,,,
167,mrsI__wt_ox_noatc,1.08850853915,0.04866043780864614,2.0,475.0,1.0541004136,476.0,1.1229166647,,,,,,,,
168,mrsI__wt_sds_atc,1.0038316090000001,0.06477555458192706,2.0,477.0,1.0496348429,478.0,0.9580283751,,,,,,,,
169,mrsI__wt_sds_no_atc,0.0,0.16017942581449934,2.0,479.0,0.1132639582,480.0,-0.1132639582,,,,,,,,
170,nitrate__control,0.0,0.01949265466931464,2.0,481.0,-0.013783388300000001,482.0,0.013783388300000001,,,,,,,,
171,p218__0_days_.1,0.9433717001999999,0.4909289762473411,4.0,483.0,1.2249307083,484.0,0.2091191916,485.0,1.1368105864,486.0,1.2026263145,,,,
172,p218__0_days_control,-2.5000002068509275e-11,0.05455733558757158,4.0,487.0,-0.0037007089000000003,488.0,-0.0497698913,489.0,-0.023310772400000002,490.0,0.0767813725,,,,
173,p218__1_days_.1,1.199898042225,0.023274441620508766,4.0,491.0,1.1699931372,492.0,1.2100149263,493.0,1.2245002362,494.0,1.1950838692,,,,
174,p218__1_days_control,1.1453706920250002,0.032963207150256565,4.0,495.0,1.1923022821,496.0,1.13970222,497.0,1.1340582236,498.0,1.1154200424,,,,
175,patH-Cap__post_path_ctrl,0.20497661345,0.04225745197897767,2.0,499.0,0.23485714430000001,500.0,0.1750960826,,,,,,,,
176,patH-Cap__post_path_inh,0.3840969793,0.017821229035385952,2.0,501.0,0.3714954674,502.0,0.3966984912,,,,,,,,
177,patH-Cap__pre_path_ctrl,0.0,0.10650535648042624,2.0,503.0,0.0753106598,504.0,-0.0753106598,,,,,,,,
178,patH-Cap__pre_path_inh,0.20705460004999998,0.03969368714425501,2.0,505.0,0.1789869247,506.0,0.2351222754,,,,,,,,
179,ppxx__double_mutant,0.0,0.05958665016519515,2.0,507.0,0.0421341244,508.0,-0.0421341244,,,,,,,,
180,reactivation__day_1_reactivation,-1.3843552669,0.026387984280373002,3.0,509.0,-1.3577822854,510.0,-1.4105542789,511.0,-1.3847292364000001,,,,,,
181,reactivation__day_2_reactivation,-1.1591250259333334,0.027372808441948792,3.0,512.0,-1.1509720661,513.0,-1.1896480099,514.0,-1.1367550018,,,,,,
182,reactivation__day_3_reactivation,-0.5691681895333334,0.04352331497966331,3.0,515.0,-0.5549446576,516.0,-0.534536126,517.0,-0.618023785,,,,,,
183,reactivation__day_4_reactivation,-0.7533101656333333,0.025316749047992505,3.0,518.0,-0.74962965,519.0,-0.7300351266,520.0,-0.7802657203000001,,,,,,
184,reactivation__day_0_persistence,0.0,0.02606592729161684,3.0,521.0,-0.0297220641,522.0,0.010752292,523.0,0.0189697721,,,,,,
185,redox__intra_basal,0.36908089285,0.0442630815921179,2.0,524.0,0.3377821677,525.0,0.40037961800000005,,,,,,,,
186,redox__whib3_comp_4.5,0.64913298095,0.24947855125074864,2.0,526.0,0.8255409563,527.0,0.4727250056,,,,,,,,
187,redox__whib3_comp_6.6,0.2794682831,0.3053597160214985,2.0,528.0,0.0635463572,529.0,0.495390209,,,,,,,,
188,redox__whib3_ko_4.5,0.7461286134,0.13695586363561008,2.0,530.0,0.8429710333,531.0,0.6492861935,,,,,,,,
189,redox__wt_4.5,1.0172888448,0.2722676354156036,2.0,532.0,1.2098111361,533.0,0.8247665535,,,,,,,,
190,redox__wt_6.6,0.0,0.12259049383537314,2.0,534.0,0.0866845695,535.0,-0.0866845695,,,,,,,,
191,resus__day_1_run_1,0.0,0.017946448312524576,2.0,536.0,0.012690055300000001,537.0,-0.012690055300000001,,,,,,,,
192,resus__day_4_run_1,0.2090427868,0.22713675907688433,2.0,538.0,0.0484328442,539.0,0.3696527294,,,,,,,,
193,rho__00h_DUC,0.0,0.04139450515646796,2.0,540.0,0.029270335300000002,541.0,-0.029270335300000002,,,,,,,,
194,rho__00h_DUC_1,0.24375986570000002,0.0749964533093759,2.0,542.0,0.2967903664,543.0,0.190729365,,,,,,,,
195,rho__01.5_DUC,-0.114145359,0.07623466544832726,2.0,544.0,-0.1680514079,545.0,-0.060239310100000006,,,,,,,,
196,rho__01.5h_DUC_ATC,-0.47744203655,0.47435375840570604,2.0,546.0,-0.8128607958,547.0,-0.1420232773,,,,,,,,
197,rho__03_DUC,0.5550539822,0.15736276395664262,2.0,548.0,0.6663262597,549.0,0.4437817047,,,,,,,,
198,rho__03h_DUC_ATC,0.2284162276,0.15597870001320574,2.0,550.0,0.3387098241,551.0,0.1181226311,,,,,,,,
199,rho__06h_DUC_ATC,0.013296374,0.2848236644853599,2.0,552.0,0.21469711860000001,553.0,-0.18810437060000001,,,,,,,,
200,rho__06h_WT_ATC,0.41960897140000003,0.019157764089418567,2.0,554.0,0.40606238650000004,555.0,0.4331555563,,,,,,,,
201,rho__09_DUC,-0.38733365285,0.04930444110788749,2.0,556.0,-0.3524701482,557.0,-0.42219715750000003,,,,,,,,
202,rho__09h_DUC_ATC,-0.0920174161,,1.0,558.0,-0.0920174161,,,,,,,,,,
203,smx__0_days_12.5,-0.06563917863333334,0.010787111087429717,3.0,559.0,-0.0614257667,560.0,-0.0575946711,561.0,-0.0778970981,,,,,,
204,smx__0_days_control,3.333333377838107e-11,0.030641133779716334,3.0,562.0,-0.0326492331,563.0,0.004517849,564.0,0.0281313842,,,,,,
205,smx__1_days_12.5,-0.5546974751666666,0.023007829053415186,3.0,565.0,-0.5307639372,566.0,-0.5566767761,567.0,-0.5766517122,,,,,,
206,smx__1_days_control,0.266837529,0.06648377123418309,3.0,568.0,0.31506929310000004,569.0,0.2944455731,570.0,0.19099772080000002,,,,,,
207,sq109__0_days_3,-0.042136594175,0.3798941948393902,4.0,571.0,-0.3978900165,572.0,0.2944283654,573.0,0.2780524132,574.0,-0.3431371388,,,,
208,sq109__0_days_control,0.0,0.22460968019914207,4.0,575.0,-0.07718419730000001,576.0,0.1375320487,577.0,0.2194809651,578.0,-0.2798288165,,,,
209,sq109__1_days_3,-0.05201946165,0.41524263644880993,4.0,579.0,-0.3989919517,580.0,0.3041219531,581.0,0.3108268114,582.0,-0.4240346594,,,,
210,sq109__1_days_control,0.005047898625000005,0.2647301755956509,4.0,583.0,-0.1883004791,584.0,0.20748887270000002,585.0,-0.2562462494,586.0,0.2572494503,,,,
211,stress__.1_butyrate,1.6362021781333336,0.19332368636757893,3.0,587.0,1.5242897531000001,588.0,1.524883902,589.0,1.8594328793,,,,,,
212,stress__.4_gluc,0.0,0.4037826135357186,3.0,590.0,-0.1580983075,591.0,-0.3008114692,592.0,0.4589097767,,,,,,
213,stress__1_days_low_iron,0.30706252223333336,0.18734422890438435,3.0,593.0,0.5155648565000001,594.0,0.1528819794,595.0,0.25274073080000004,,,,,,
214,stress__7_days_low_iron,1.8962365472333333,0.0989394876790749,3.0,596.0,1.8491699641000001,597.0,2.0099229019,598.0,1.8296167757,,,,,,
215,stress__gluc_butyrate,0.6120143581,0.1361532474531127,3.0,599.0,0.5451958783,600.0,0.5221792275,601.0,0.7686679685000001,,,,,,
216,stress__high_iron,0.23906319583333335,0.026790976912349263,3.0,602.0,0.2632532067,603.0,0.2436681597,604.0,0.2102682211,,,,,,
217,stress__tolox_ph_7,0.7635292820499999,0.03693880506444918,2.0,605.0,0.7896489616,606.0,0.7374096025,,,,,,,,
218,sutez__0_days_5.6,-0.04626394045,0.05152140306794347,4.0,607.0,-0.0415843528,608.0,-0.1143524104,609.0,0.010887342000000001,610.0,-0.0400063406,,,,
219,sutez__0_days_control,4.336808689942018e-19,0.017142691320798303,4.0,611.0,-0.0216141355,612.0,0.0189687426,613.0,0.0063790042,614.0,-0.0037336113,,,,
220,sutez__1_days_5.6,0.86397255465,0.0027161379314976815,2.0,615.0,0.8620519551,616.0,0.8658931542,,,,,,,,
221,sutez__1_days_control,0.07674673255,0.0784533544836678,4.0,617.0,0.0026828243,618.0,0.023987415600000003,619.0,0.1729738387,620.0,0.1073428516,,,,
222,thrB__0_days_starve,0.0,0.0197878440318742,2.0,621.0,-0.0139921187,622.0,0.0139921187,,,,,,,,
223,tss__expression_library,0.68648332055,0.37012651980345496,2.0,623.0,0.9482022926,624.0,0.4247643485,,,,,,,,
224,tss__mapping_triphosphate,0.68969058885,0.007495111616815012,2.0,625.0,0.6843907446,626.0,0.6949904331,,,,,,,,
225,tss__mapping_wo_triphosphate,0.8349237459500001,0.14622765868048096,2.0,627.0,0.9383223150000001,628.0,0.7315251769000001,,,,,,,,
226,tss__wt_experiment_2,0.0,0.06224895536167531,3.0,629.0,0.0501456131,630.0,0.0195253499,631.0,-0.069670963,,,,,,
227,vera__0_days_176,-0.07691689315,0.09160360357005957,4.0,632.0,0.027035486900000003,633.0,-0.1937126498,634.0,-0.0525530992,635.0,-0.0884373105,,,,
228,vera__0_days_control,0.0,0.11032663422630629,4.0,636.0,0.1643188858,637.0,-0.047964130800000004,638.0,-0.0731010178,639.0,-0.0432537372,,,,
229,vera__1_days_176,3.0741442493,0.03676467555792756,3.0,640.0,3.0956428227,641.0,3.0950966956,642.0,3.0316932296,,,,,,
230,vera__1_days_control,1.3483541958250003,0.03648138081659742,4.0,643.0,1.3847289019,644.0,1.297854485,645.0,1.3585452381,646.0,1.3522881583,,,,
